__id__,supplier,wash_temperature,collection,price,name,erp_name,description,color,variation_name,image,material,brand,meta_title,care_instructions,size,variation_image,composition
amor,"[{'locale': None, 'scope': None, 'data': 'zaro'}]","[{'locale': None, 'scope': None, 'data': '800'}]","[{'locale': None, 'scope': None, 'data': ['summer_2016']}]","[{'locale': None, 'scope': None, 'data': [{'amount': '999.00', 'currency': 'EUR'}]}]","[{'locale': None, 'scope': None, 'data': 'Heritage jacket navy'}]","[{'locale': 'en_US', 'scope': None, 'data': 'Amor'}]","[{'locale': 'en_US', 'scope': 'ecommerce', 'data': 'Heritage jacket navy blue tweed suit with single breasted 2 button. 53% wool, 22% polyester, 18% acrylic, 5% nylon, 1% cotton, 1% viscose. Dry Cleaning uniquement.Le mannequin measuring 1m85 and wears UK size 40, size 50 FR'}]",,,,,,,,,,
brooksblue,,,"[{'locale': None, 'scope': None, 'data': ['summer_2017']}]",,"[{'locale': None, 'scope': None, 'data': 'Brooks blue'}]","[{'locale': 'en_US', 'scope': None, 'data': 'Brooks blue'}]","[{'locale': 'en_US', 'scope': 'ecommerce', 'data': 'Brooks blue'}]","[{'locale': None, 'scope': None, 'data': 'blue'}]","[{'locale': 'en_US', 'scope': None, 'data': 'Brooks blue'}]",,,,,,,,
brookspink,,,"[{'locale': None, 'scope': None, 'data': ['summer_2017']}]",,"[{'locale': None, 'scope': None, 'data': 'Brooks pink'}]","[{'locale': 'en_US', 'scope': None, 'data': 'Brooks pink'}]","[{'locale': 'en_US', 'scope': 'ecommerce', 'data': 'Brooks pink'}]","[{'locale': None, 'scope': None, 'data': 'pink'}]","[{'locale': 'en_US', 'scope': None, 'data': 'Brooks pink'}]",,,,,,,,
caelus,"[{'locale': None, 'scope': None, 'data': 'mongo'}]","[{'locale': None, 'scope': None, 'data': '600'}]","[{'locale': None, 'scope': None, 'data': ['summer_2016']}]","[{'locale': None, 'scope': None, 'data': [{'amount': '999.00', 'currency': 'EUR'}]}]","[{'locale': None, 'scope': None, 'data': 'Tuxedo with animal print'}]","[{'locale': 'en_US', 'scope': None, 'data': 'Caelus'}]","[{'locale': 'en_US', 'scope': 'ecommerce', 'data': 'Get ready to party in this tuxedo with animal print grabbing composed of a single-breasted jacket with 2 buttons and matching pants. Our skinny suits offer a perfect contemporary snowstorm.\nThe model is 1.85 meters (6 feet 1 inch), wears a size 40 jacket and pants 32R.\nDry clean only.'}]",,,,,,,,,,
climbingshoe,"[{'locale': None, 'scope': None, 'data': 'abibas'}]",,"[{'locale': None, 'scope': None, 'data': ['summer_2017']}]","[{'locale': None, 'scope': None, 'data': [{'amount': '258.00', 'currency': 'EUR'}]}]","[{'locale': None, 'scope': None, 'data': 'climbingshoe'}]","[{'locale': 'en_US', 'scope': None, 'data': 'Climbing shoe'}]",,,,"[{'locale': None, 'scope': None, 'data': '8/9/4/e/894e211b0a66b849d53f4beedb807982631ffc8c_climbingshoe.jpg', '_links': {'download': {'href': 'http://localhost:8080/api/rest/v1/media-files/8/9/4/e/894e211b0a66b849d53f4beedb807982631ffc8c_climbingshoe.jpg/download'}}}]",,,,,,,
converseblack,,,"[{'locale': None, 'scope': None, 'data': ['summer_2017']}]",,"[{'locale': None, 'scope': None, 'data': 'Converse black'}]","[{'locale': 'en_US', 'scope': None, 'data': 'Converse black'}]","[{'locale': 'en_US', 'scope': 'ecommerce', 'data': 'Converse black'}]","[{'locale': None, 'scope': None, 'data': 'black'}]","[{'locale': 'en_US', 'scope': None, 'data': 'Converse black'}]","[{'locale': None, 'scope': None, 'data': '3/9/b/e/39be290888414d84db74f4b6f0051a8b9d29be2d_feet_1842328_960_720.jpg', '_links': {'download': {'href': 'http://localhost:8080/api/rest/v1/media-files/3/9/b/e/39be290888414d84db74f4b6f0051a8b9d29be2d_feet_1842328_960_720.jpg/download'}}}]",,,,,,,
conversered,,,"[{'locale': None, 'scope': None, 'data': ['summer_2017']}]",,"[{'locale': None, 'scope': None, 'data': 'Converse red'}]","[{'locale': 'en_US', 'scope': None, 'data': 'Converse red'}]","[{'locale': 'en_US', 'scope': 'ecommerce', 'data': 'Converse red'}]","[{'locale': None, 'scope': None, 'data': 'red'}]","[{'locale': 'en_US', 'scope': None, 'data': 'Converse red'}]","[{'locale': None, 'scope': None, 'data': 'b/7/1/1/b7117721ccbce182c06fc4cf2d8ff30360b8a80d_converse_932667_960_720.jpg', '_links': {'download': {'href': 'http://localhost:8080/api/rest/v1/media-files/b/7/1/1/b7117721ccbce182c06fc4cf2d8ff30360b8a80d_converse_932667_960_720.jpg/download'}}}]",,,,,,,
derby,"[{'locale': None, 'scope': None, 'data': 'abibas'}]",,"[{'locale': None, 'scope': None, 'data': ['summer_2016']}]","[{'locale': None, 'scope': None, 'data': [{'amount': '123.00', 'currency': 'EUR'}]}]","[{'locale': None, 'scope': None, 'data': 'derby'}]","[{'locale': 'en_US', 'scope': None, 'data': 'Derby shoe'}]",,,,,,,,,,,
diana,"[{'locale': None, 'scope': None, 'data': 'zaro'}]","[{'locale': None, 'scope': None, 'data': '400'}]","[{'locale': None, 'scope': None, 'data': ['winter_2016']}]","[{'locale': None, 'scope': None, 'data': [{'amount': '149.00', 'currency': 'EUR'}]}]","[{'locale': None, 'scope': None, 'data': 'diana'}]","[{'locale': 'en_US', 'scope': None, 'data': 'Diana'}]","[{'locale': 'en_US', 'scope': 'ecommerce', 'data': 'Length: Short\nLining: 100% polyester\nModel: Model is 179 cm and wears a size 36\nCervical Shape: Deep V-neck\nTotal length: 88 cm in size 36\nAdditional Info: zip, lined\nHandle Type: Sleeveless\nComposition: 100% nylon\nCare instructions: hand wash'}]",,,"[{'locale': None, 'scope': None, 'data': 'd/2/5/8/d258264ab8c306c364c7af373758910942520e20_diana2.jpg', '_links': {'download': {'href': 'http://localhost:8080/api/rest/v1/media-files/d/2/5/8/d258264ab8c306c364c7af373758910942520e20_diana2.jpg/download'}}}]",,,,,,,
dionysos,"[{'locale': None, 'scope': None, 'data': 'zaro'}]","[{'locale': None, 'scope': None, 'data': '800'}]",,"[{'locale': None, 'scope': None, 'data': [{'amount': '1099.00', 'currency': 'EUR'}]}]","[{'locale': None, 'scope': None, 'data': 'Black-breasted jacket'}]","[{'locale': 'en_US', 'scope': None, 'data': 'Dionysos'}]",,,,,,,,,,,
dressshoe,"[{'locale': None, 'scope': None, 'data': 'abibas'}]",,,"[{'locale': None, 'scope': None, 'data': [{'amount': '444.00', 'currency': 'EUR'}]}]",,"[{'locale': 'en_US', 'scope': None, 'data': 'Dress shoe'}]",,,,"[{'locale': None, 'scope': None, 'data': 'a/b/7/8/ab78aef0912393ef4f5a2227f299da2113a6d145_dressshoe.jpg', '_links': {'download': {'href': 'http://localhost:8080/api/rest/v1/media-files/a/b/7/8/ab78aef0912393ef4f5a2227f299da2113a6d145_dressshoe.jpg/download'}}}]",,,,,,,
aphrodite,"[{'locale': None, 'scope': None, 'data': 'zaro'}]","[{'locale': None, 'scope': None, 'data': '700'}]","[{'locale': None, 'scope': None, 'data': ['summer_2016']}]","[{'locale': None, 'scope': None, 'data': [{'amount': '299.00', 'currency': 'EUR'}]}]","[{'locale': None, 'scope': None, 'data': 'Top Layered Sleeveless gauze snake print'}]","[{'locale': 'en_US', 'scope': None, 'data': 'Aphrodite'}]","[{'locale': 'en_US', 'scope': 'ecommerce', 'data': 'Top Layered Sleeveless gauze snake print. Pleated round neck and drop back closure. · Back length 55.2 cmCes measures are calculated for a size M.'}]",,,,,,,,,,
elegance,,,"[{'locale': None, 'scope': None, 'data': ['summer_2017']}]",,"[{'locale': None, 'scope': None, 'data': 'elegance'}]","[{'locale': 'en_US', 'scope': None, 'data': 'Elegance'}]",,"[{'locale': None, 'scope': None, 'data': 'black'}]","[{'locale': 'en_US', 'scope': None, 'data': 'Elegance'}]","[{'locale': None, 'scope': None, 'data': 'c/e/b/e/cebebe9ce3b612d21430be9cb4f0343b9b082b1b_elegance.jpg', '_links': {'download': {'href': 'http://localhost:8080/api/rest/v1/media-files/c/e/b/e/cebebe9ce3b612d21430be9cb4f0343b9b082b1b_elegance.jpg/download'}}}]",,,,,,,
eris,"[{'locale': None, 'scope': None, 'data': 'zaro'}]","[{'locale': None, 'scope': None, 'data': '700'}]","[{'locale': None, 'scope': None, 'data': ['spring_2016']}]","[{'locale': None, 'scope': None, 'data': [{'amount': '399.00', 'currency': 'EUR'}]}]","[{'locale': None, 'scope': None, 'data': 'Relaxed with a classic or dynamic piec'}]","[{'locale': 'en_US', 'scope': None, 'data': 'Eris'}]","[{'locale': 'en_US', 'scope': 'ecommerce', 'data': 'Relaxed with a classic or dynamic piece with an extravagant accessory: white blouse with it the Mexx brand, your look will be 100% successful!\n\nLength: normal\nCut: bent\nBack width: 46 cm\nModel: 178 cm\nOccasion: Business\nPattern / Color: Solid colors\nTotal length: 67 cm in size 36\nCol: flared neck\nSleeve length: 63 cm in size 36\nSleeve type: Long Sleeve\nComposition: 67% cotton, 28% polyamide, 5% elastane\nCare instructions: machine wash at 30 ° C'}]",,,,,,,,,,
galesh,"[{'locale': None, 'scope': None, 'data': 'abibas'}]",,"[{'locale': None, 'scope': None, 'data': ['summer_2016']}]","[{'locale': None, 'scope': None, 'data': [{'amount': '144.00', 'currency': 'EUR'}]}]","[{'locale': None, 'scope': None, 'data': 'galesh'}]","[{'locale': 'en_US', 'scope': None, 'data': 'Galesh shoe'}]",,,,,,,,,,,
hades,"[{'locale': None, 'scope': None, 'data': 'zaro'}]","[{'locale': None, 'scope': None, 'data': '600'}]","[{'locale': None, 'scope': None, 'data': ['autumn_2016']}]","[{'locale': None, 'scope': None, 'data': [{'amount': '699.00', 'currency': 'EUR'}]}]","[{'locale': None, 'scope': None, 'data': 'Elegant slim long sleeve shirt'}]","[{'locale': 'en_US', 'scope': None, 'data': 'Hades'}]","[{'locale': 'en_US', 'scope': 'ecommerce', 'data': 'Elegant slim long sleeve shirt white with button-down collar and breast pocket. 65% polyester, 35% cotton. Machine washable.'}]",,,,,,,,,,
hefaistos,"[{'locale': None, 'scope': None, 'data': 'mongo'}]","[{'locale': None, 'scope': None, 'data': '600'}]","[{'locale': None, 'scope': None, 'data': ['summer_2017']}]","[{'locale': None, 'scope': None, 'data': [{'amount': '499.00', 'currency': 'EUR'}]}]","[{'locale': None, 'scope': None, 'data': 'Jacket and trousers'}]","[{'locale': 'en_US', 'scope': None, 'data': 'Hefaistos'}]","[{'locale': 'en_US', 'scope': 'ecommerce', 'data': 'Jacket and trousers: 39% polyester, 37% acrylic, 15% wool, 7% nylon, 1% cotton, 1% viscose. Dry clean only.'}]",,,,,,,,,,
hera,"[{'locale': None, 'scope': None, 'data': 'mongo'}]","[{'locale': None, 'scope': None, 'data': '400'}]","[{'locale': None, 'scope': None, 'data': ['summer_2016']}]","[{'locale': None, 'scope': None, 'data': [{'amount': '699.00', 'currency': 'EUR'}]}]","[{'locale': None, 'scope': None, 'data': 'hera'}]","[{'locale': 'en_US', 'scope': None, 'data': 'Hera'}]","[{'locale': 'en_US', 'scope': 'ecommerce', 'data': 'Relaxed with a classic or dynamic piece with an extravagant accessory: white blouse with it the Mexx brand, your look will be 100% successful!\n\nLength: normal\nCut: bent\nBack width: 46 cm\nModel: 178 cm\nOccasion: Business\nPattern / Color: Solid colors\nTotal length: 67 cm in size 36\nCol: flared neck\nSleeve length: 63 cm in size 36\nSleeve type: Long Sleeve\nComposition: 67% cotton, 28% polyamide, 5% elastane\nCare instructions: machine wash at 30 ° C'}]",,,,,,,,,,
hermes,"[{'locale': None, 'scope': None, 'data': 'mongo'}]","[{'locale': None, 'scope': None, 'data': '800'}]","[{'locale': None, 'scope': None, 'data': ['summer_2016']}]","[{'locale': None, 'scope': None, 'data': [{'amount': '799.00', 'currency': 'EUR'}]}]","[{'locale': None, 'scope': None, 'data': 'Suit Jacket Heritage multicolored'}]","[{'locale': 'en_US', 'scope': None, 'data': 'Hermes'}]","[{'locale': 'en_US', 'scope': 'ecommerce', 'data': 'Suit Jacket Heritage multicolored checkered Prince of Wales with single breasted 2 button and skinny pants to match.'}]",,,,,,,,,,
hestia,"[{'locale': None, 'scope': None, 'data': 'zaro'}]","[{'locale': None, 'scope': None, 'data': '700'}]","[{'locale': None, 'scope': None, 'data': ['winter_2016']}]","[{'locale': None, 'scope': None, 'data': [{'amount': '499.00', 'currency': 'EUR'}]}]","[{'locale': None, 'scope': None, 'data': 'hestia'}]","[{'locale': 'en_US', 'scope': None, 'data': 'Hestia'}]","[{'locale': 'en_US', 'scope': 'ecommerce', 'data': 'Model: Model is 180 cm tall and wears a size 36'}]",,,,,,,,,,
jack,,,"[{'locale': None, 'scope': None, 'data': ['summer_2017']}]",,"[{'locale': None, 'scope': None, 'data': 'jack'}]","[{'locale': 'en_US', 'scope': None, 'data': 'Jack'}]",,,,,,,,,,,
jellyshoes,"[{'locale': None, 'scope': None, 'data': 'abibas'}]",,"[{'locale': None, 'scope': None, 'data': ['winter_2016']}]","[{'locale': None, 'scope': None, 'data': [{'amount': '176.00', 'currency': 'EUR'}]}]","[{'locale': None, 'scope': None, 'data': 'jellyshoes'}]","[{'locale': 'en_US', 'scope': None, 'data': 'Jelly shoe'}]",,,,,,,,,,,
apollon,"[{'locale': None, 'scope': None, 'data': 'zaro'}]","[{'locale': None, 'scope': None, 'data': '600'}]","[{'locale': None, 'scope': None, 'data': ['winter_2016']}]","[{'locale': None, 'scope': None, 'data': [{'amount': '899.00', 'currency': 'EUR'}]}]","[{'locale': None, 'scope': None, 'data': 'Long gray suit jacket and matching pants unstructured'}]","[{'locale': 'en_US', 'scope': None, 'data': 'Apollon'}]","[{'locale': 'en_US', 'scope': 'ecommerce', 'data': 'Long gray suit jacket and matching pants unstructured. 61% wool, 30% polyester, 9% ramie. Dry clean only.'}]",,,"[{'locale': None, 'scope': None, 'data': 'c/e/5/3/ce531b5e95eb7e375c27fb33de2db2768380534a_apollon.jpg', '_links': {'download': {'href': 'http://localhost:8080/api/rest/v1/media-files/c/e/5/3/ce531b5e95eb7e375c27fb33de2db2768380534a_apollon.jpg/download'}}}]",,,,,,,
juno,"[{'locale': None, 'scope': None, 'data': 'zaro'}]","[{'locale': None, 'scope': None, 'data': '600'}]","[{'locale': None, 'scope': None, 'data': ['spring_2015']}]","[{'locale': None, 'scope': None, 'data': [{'amount': '349.00', 'currency': 'EUR'}]}]","[{'locale': None, 'scope': None, 'data': 'juno'}]","[{'locale': 'en_US', 'scope': None, 'data': 'Juno'}]","[{'locale': 'en_US', 'scope': 'ecommerce', 'data': 'Back width: 40 cm in size 36\nModel: Model is 180 cm tall and wears a size 36\nCervical Shape: V-Neck\nPattern / Color: Solid colors\nTotal length: 45 cm in size 36\nTransparency: light\nHandle Type: Sleeveless\nComposition: 100% polyester\nCare instructions: machine wash at 40 ° C, do not put in dryer, washing delicates'}]",,,,,,,,,,
minerva,"[{'locale': None, 'scope': None, 'data': 'mongo'}]","[{'locale': None, 'scope': None, 'data': '600'}]","[{'locale': None, 'scope': None, 'data': ['spring_2016']}]","[{'locale': None, 'scope': None, 'data': [{'amount': '799.00', 'currency': 'EUR'}]}]","[{'locale': None, 'scope': None, 'data': 'minerva'}]","[{'locale': 'en_US', 'scope': None, 'data': 'Minerva'}]","[{'locale': 'en_US', 'scope': 'ecommerce', 'data': 'Relaxed with a classic or dynamic piece with an extravagant accessory: white blouse with it the Mexx brand, your look will be 100% successful!\n\nLength: normal\nCut: bent\nBack width: 46 cm\nModel: 178 cm\nOccasion: Business\nPattern / Color: Solid colors\nTotal length: 67 cm in size 36\nCol: flared neck\nSleeve length: 63 cm in size 36\nSleeve type: Long Sleeve\nComposition: 67% cotton, 28% polyamide, 5% elastane\nCare instructions: machine wash at 30 ° C'}]",,,,,,,,,,
moccasin,"[{'locale': None, 'scope': None, 'data': 'abibas'}]",,"[{'locale': None, 'scope': None, 'data': ['spring_2015']}]","[{'locale': None, 'scope': None, 'data': [{'amount': '322.00', 'currency': 'EUR'}]}]","[{'locale': None, 'scope': None, 'data': 'moccasin'}]","[{'locale': 'en_US', 'scope': None, 'data': 'Moccasin'}]",,,,,,,,,,,
plain,,,"[{'locale': None, 'scope': None, 'data': ['summer_2017']}]",,"[{'locale': None, 'scope': None, 'data': 'plain'}]","[{'locale': 'en_US', 'scope': None, 'data': 'Plain'}]",,,,,,,,,,,
portunus,"[{'locale': None, 'scope': None, 'data': 'zaro'}]","[{'locale': None, 'scope': None, 'data': '400'}]","[{'locale': None, 'scope': None, 'data': ['autumn_2016']}]","[{'locale': None, 'scope': None, 'data': [{'amount': '599.00', 'currency': 'EUR'}]}]","[{'locale': None, 'scope': None, 'data': 'Black shorts with pattern Christmas Santa tattoo'}]","[{'locale': 'en_US', 'scope': None, 'data': 'Portunus'}]","[{'locale': 'en_US', 'scope': 'ecommerce', 'data': 'Black shorts with pattern Christmas Santa tattoo. 100% cotton. Machine washable.'}]",,,,,,,,,,
poseidon,"[{'locale': None, 'scope': None, 'data': 'zaro'}]","[{'locale': None, 'scope': None, 'data': 'hand'}]","[{'locale': None, 'scope': None, 'data': ['summer_2017']}]","[{'locale': None, 'scope': None, 'data': [{'amount': '699.00', 'currency': 'EUR'}]}]","[{'locale': None, 'scope': None, 'data': 'Vintage skinny jeans'}]","[{'locale': 'en_US', 'scope': None, 'data': 'Poseidon'}]","[{'locale': 'en_US', 'scope': 'ecommerce', 'data': 'Vintage skinny jeans is part of the collection Topman long time. Second pair of denim collection with 13 oz edge and raw edges, this style is totally unique with its coated blue color. 100% cotton. Machine washable.'}]",,,,,,,,,,
quirinus,"[{'locale': None, 'scope': None, 'data': 'mongo'}]","[{'locale': None, 'scope': None, 'data': 'hand'}]","[{'locale': None, 'scope': None, 'data': ['summer_2016']}]","[{'locale': None, 'scope': None, 'data': [{'amount': '499.00', 'currency': 'EUR'}]}]","[{'locale': None, 'scope': None, 'data': 'quirinus'}]","[{'locale': 'en_US', 'scope': None, 'data': 'Quirinus'}]","[{'locale': 'en_US', 'scope': 'ecommerce', 'data': 'Black shorts with pattern Christmas Santa tattoo. 100% cotton. Machine washable.'}]",,,,,,,,,,
samtv,,,,,"[{'locale': None, 'scope': None, 'data': 'TV SAMSUNG'}]",,"[{'locale': 'en_US', 'scope': 'ecommerce', 'data': 'TV SAMSUNG'}]",,,,,,,,,,
securitas,"[{'locale': None, 'scope': None, 'data': 'zaro'}]","[{'locale': None, 'scope': None, 'data': '800'}]","[{'locale': None, 'scope': None, 'data': ['summer_2016']}]","[{'locale': None, 'scope': None, 'data': [{'amount': '799.00', 'currency': 'EUR'}]}]","[{'locale': None, 'scope': None, 'data': 'securitas'}]","[{'locale': 'en_US', 'scope': None, 'data': 'Securitas'}]","[{'locale': 'en_US', 'scope': 'ecommerce', 'data': 'Length: normal\nFit: Normal\nMaterial: Denim\nBack width: 47 cm\nModel: 186 cm\nOccasion: relax\nTotal length: 73 cm in size M\nCollar: button down collar\nSleeve length: 66 cm in size M\nSleeve type: Long Sleeve\nComposition: 100% cotton\nCare instructions: machine wash at 30 ° C'}]",,,,,,,,,,
stilleto,"[{'locale': None, 'scope': None, 'data': 'abibas'}]",,"[{'locale': None, 'scope': None, 'data': ['spring_2016']}]","[{'locale': None, 'scope': None, 'data': [{'amount': '123.00', 'currency': 'EUR'}]}]","[{'locale': None, 'scope': None, 'data': 'stilleto'}]","[{'locale': 'en_US', 'scope': None, 'data': 'Stiletto'}]",,,,"[{'locale': None, 'scope': None, 'data': 'd/7/e/9/d7e9ba3ebafc073d0a80df601b5780fba6918f19_stilleto.jpg', '_links': {'download': {'href': 'http://localhost:8080/api/rest/v1/media-files/d/7/e/9/d7e9ba3ebafc073d0a80df601b5780fba6918f19_stilleto.jpg/download'}}}]",,,,,,,
ares,"[{'locale': None, 'scope': None, 'data': 'mongo'}]","[{'locale': None, 'scope': None, 'data': '600'}]","[{'locale': None, 'scope': None, 'data': ['spring_2015']}]","[{'locale': None, 'scope': None, 'data': [{'amount': '1099.00', 'currency': 'EUR'}]}]","[{'locale': None, 'scope': None, 'data': 'Blazer wool mixed with sand print foot hen'}]","[{'locale': 'en_US', 'scope': None, 'data': 'Ares'}]","[{'locale': 'en_US', 'scope': 'ecommerce', 'data': ""Blazer wool mixed with sand print foot hen, single breasted with two buttons, patch pockets and contrasting lapel collar, model 'Vienna'. Das Model 185 cm groß ist und trägt Größe 40 (DE Größe 50 - 101cm Brustumfang) 60% wool, 30% polyester, 10% cotton. Machine washable.""}]",,,,,,,,,,
stock,,,"[{'locale': None, 'scope': None, 'data': ['summer_2017']}]",,"[{'locale': None, 'scope': None, 'data': 'stock'}]","[{'locale': 'en_US', 'scope': None, 'data': 'Stock'}]",,"[{'locale': None, 'scope': None, 'data': 'red'}]","[{'locale': 'en_US', 'scope': None, 'data': 'Stock'}]",,,,,,,,
terminus,"[{'locale': None, 'scope': None, 'data': 'zaro'}]","[{'locale': None, 'scope': None, 'data': '700'}]","[{'locale': None, 'scope': None, 'data': ['winter_2016']}]","[{'locale': None, 'scope': None, 'data': [{'amount': '499.00', 'currency': 'EUR'}]}]","[{'locale': None, 'scope': None, 'data': 'terminus'}]","[{'locale': 'en_US', 'scope': None, 'data': 'Terminus'}]","[{'locale': 'en_US', 'scope': 'ecommerce', 'data': 'Short chino solid light yellow. 100% cotton. Machine washable.'}]",,,"[{'locale': None, 'scope': None, 'data': '5/b/3/a/5b3a658bacefe45d84498f09f79e2b81e419c567_terminus.jpg', '_links': {'download': {'href': 'http://localhost:8080/api/rest/v1/media-files/5/b/3/a/5b3a658bacefe45d84498f09f79e2b81e419c567_terminus.jpg/download'}}}]",,,,,,,
venus,"[{'locale': None, 'scope': None, 'data': 'zaro'}]","[{'locale': None, 'scope': None, 'data': '600'}]","[{'locale': None, 'scope': None, 'data': ['spring_2015']}]","[{'locale': None, 'scope': None, 'data': [{'amount': '149.00', 'currency': 'EUR'}]}]","[{'locale': None, 'scope': None, 'data': 'venus'}]","[{'locale': 'en_US', 'scope': None, 'data': 'Venus'}]","[{'locale': 'en_US', 'scope': 'ecommerce', 'data': 'Length: noon\nCup: close to the body\nModel: Model is 175 cm tall and wears a size 36\nCervical shape: round neck\nOccasion: festive evening\nTotal length: 99 cm in size 36\nDetails: zipper\nComposition: 75% viscose, 22% nylon, 3% elastane\nCare instructions: do not tumble dry machine, hand wash'}]",,,,,,,,,,
vulcanus,"[{'locale': None, 'scope': None, 'data': 'zaro'}]","[{'locale': None, 'scope': None, 'data': '600'}]","[{'locale': None, 'scope': None, 'data': ['spring_2016']}]","[{'locale': None, 'scope': None, 'data': [{'amount': '499.00', 'currency': 'EUR'}]}]","[{'locale': None, 'scope': None, 'data': 'vulcanus'}]","[{'locale': 'en_US', 'scope': None, 'data': 'Vulcanus'}]","[{'locale': 'en_US', 'scope': 'ecommerce', 'data': 'Black shorts with Christmas mistletoe pattern. 100% cotton. Machine washable.'}]",,,,,,,,,,
zeus,"[{'locale': None, 'scope': None, 'data': 'zaro'}]","[{'locale': None, 'scope': None, 'data': '400'}]","[{'locale': None, 'scope': None, 'data': ['autumn_2016']}]","[{'locale': None, 'scope': None, 'data': [{'amount': '1290.00', 'currency': 'EUR'}]}]","[{'locale': None, 'scope': None, 'data': 'zeus'}]","[{'locale': 'en_US', 'scope': None, 'data': 'Zeus'}]","[{'locale': 'en_US', 'scope': 'ecommerce', 'data': 'Poplin shirts are easy to iron and do not wrinkle. A must-have for any wardrobe that respects the Ellington section has a hidden button collar and a fitted and stylish look. 100% cotton. * Returns this article are made only by post. This item can only be returned in store.'}]",,,,,,,,,,
model-biker-jacket,,,"[{'locale': None, 'scope': None, 'data': ['summer_2017']}]",,"[{'locale': None, 'scope': None, 'data': 'Biker jacket'}]",,"[{'locale': 'en_US', 'scope': 'ecommerce', 'data': 'Biker jacket'}]",,,,,,,,,,
model-braided-hat,,,"[{'locale': None, 'scope': None, 'data': ['summer_2017']}]",,"[{'locale': None, 'scope': None, 'data': 'Braided hat '}]",,"[{'locale': 'en_US', 'scope': 'ecommerce', 'data': 'Braided hat '}]","[{'locale': None, 'scope': None, 'data': 'grey'}]","[{'locale': 'en_US', 'scope': None, 'data': 'Braided hat battleship grey'}]","[{'locale': None, 'scope': None, 'data': 'c/f/a/3/cfa378fe5d47a85fd95360560aaa38732fd4c74a_braided_hat.jpg', '_links': {'download': {'href': 'http://localhost:8080/api/rest/v1/media-files/c/f/a/3/cfa378fe5d47a85fd95360560aaa38732fd4c74a_braided_hat.jpg/download'}}}]","[{'locale': None, 'scope': None, 'data': 'wool'}]",,,,,,
model-running-shoes,,,"[{'locale': None, 'scope': None, 'data': ['summer_2017']}]",,"[{'locale': None, 'scope': None, 'data': 'Running shoes'}]",,"[{'locale': 'en_US', 'scope': 'ecommerce', 'data': 'Running shoes'}]",,,,"[{'locale': None, 'scope': None, 'data': 'leather'}]",,,,,,
model-tshirt-divided,"[{'locale': None, 'scope': None, 'data': 'zaro'}]","[{'locale': None, 'scope': None, 'data': '400'}]","[{'locale': None, 'scope': None, 'data': ['summer_2017']}]","[{'locale': None, 'scope': None, 'data': [{'amount': '19.00', 'currency': 'EUR'}, {'amount': '19.00', 'currency': 'USD'}]}]","[{'locale': None, 'scope': None, 'data': 'Cotton t-shirt with a round neck Divided'}]","[{'locale': 'en_US', 'scope': None, 'data': 'T-shirt DIVIDED'}]","[{'locale': 'en_US', 'scope': 'ecommerce', 'data': 'Divided slim T-shirt with a round neck'}]",,,"[{'locale': None, 'scope': None, 'data': '5/1/c/6/51c653120f7b3045b7e19f8a64c92c78fcbfb662_red.png', '_links': {'download': {'href': 'http://localhost:8080/api/rest/v1/media-files/5/1/c/6/51c653120f7b3045b7e19f8a64c92c78fcbfb662_red.png/download'}}}]",,"[{'locale': None, 'scope': None, 'data': 'akeneo'}]","[{'locale': 'en_US', 'scope': None, 'data': 'Cotton t-shirt with a round neck Divided'}]","[{'locale': None, 'scope': None, 'data': 'Machine wash 40°'}]",,,
model-tshirt-unique-color-kurt,,,"[{'locale': None, 'scope': None, 'data': ['summer_2017']}]",,"[{'locale': None, 'scope': None, 'data': 'T-shirt with a Kurt Cobain print motif'}]",,"[{'locale': 'en_US', 'scope': 'ecommerce', 'data': 'Divided slim T-shirt with 2 buttons in the honor of the legendary Kurt Cobain.'}]","[{'locale': None, 'scope': None, 'data': 'red'}]",,,"[{'locale': None, 'scope': None, 'data': 'cotton'}]",,,,,,
artemis,"[{'locale': None, 'scope': None, 'data': 'zaro'}]","[{'locale': None, 'scope': None, 'data': '400'}]","[{'locale': None, 'scope': None, 'data': ['spring_2016']}]","[{'locale': None, 'scope': None, 'data': [{'amount': '499.00', 'currency': 'EUR'}]}]","[{'locale': None, 'scope': None, 'data': 'T-Shirt cotton round neck'}]","[{'locale': 'en_US', 'scope': None, 'data': 'Artemis'}]","[{'locale': 'en_US', 'scope': 'ecommerce', 'data': 'T-Shirt cotton round neck, three quarter sleeves and neckline in the back.'}]",,,"[{'locale': None, 'scope': None, 'data': '5/1/b/9/51b91fbc9207be1b646ec0d2afbcdbf3ae3b8420_artemis.jpg', '_links': {'download': {'href': 'http://localhost:8080/api/rest/v1/media-files/5/1/b/9/51b91fbc9207be1b646ec0d2afbcdbf3ae3b8420_artemis.jpg/download'}}}]",,,,,,,
model-tshirt-unique-size,,,"[{'locale': None, 'scope': None, 'data': ['summer_2017']}]",,"[{'locale': None, 'scope': None, 'data': 'T-shirt unique size'}]",,"[{'locale': 'en_US', 'scope': 'ecommerce', 'data': 'Divided slim T-shirt with 2 buttons. Unique size.'}]",,,"[{'locale': None, 'scope': None, 'data': '7/e/3/a/7e3a8ba7c3e20e27acd89b343b832e59ad4e9918_unique_size.jpg', '_links': {'download': {'href': 'http://localhost:8080/api/rest/v1/media-files/7/e/3/a/7e3a8ba7c3e20e27acd89b343b832e59ad4e9918_unique_size.jpg/download'}}}]","[{'locale': None, 'scope': None, 'data': 'cotton'}]",,,,"[{'locale': None, 'scope': None, 'data': 'u'}]",,
apollon_blue,"[{'locale': None, 'scope': None, 'data': 'zaro'}]","[{'locale': None, 'scope': None, 'data': '600'}]","[{'locale': None, 'scope': None, 'data': ['winter_2016']}]","[{'locale': None, 'scope': None, 'data': [{'amount': '899.00', 'currency': 'EUR'}]}]","[{'locale': None, 'scope': None, 'data': 'Long gray suit jacket and matching pants unstructured'}]","[{'locale': 'en_US', 'scope': None, 'data': 'Apollon'}]","[{'locale': 'en_US', 'scope': 'ecommerce', 'data': 'Long gray suit jacket and matching pants unstructured. 61% wool, 30% polyester, 9% ramie. Dry clean only.'}]","[{'locale': None, 'scope': None, 'data': 'blue'}]","[{'locale': 'en_US', 'scope': None, 'data': 'Apollon blue'}]","[{'locale': None, 'scope': None, 'data': 'c/e/5/3/ce531b5e95eb7e375c27fb33de2db2768380534a_apollon.jpg', '_links': {'download': {'href': 'http://localhost:8080/api/rest/v1/media-files/c/e/5/3/ce531b5e95eb7e375c27fb33de2db2768380534a_apollon.jpg/download'}}}]",,,,,,,
apollon_pink,"[{'locale': None, 'scope': None, 'data': 'zaro'}]","[{'locale': None, 'scope': None, 'data': '600'}]","[{'locale': None, 'scope': None, 'data': ['winter_2016']}]","[{'locale': None, 'scope': None, 'data': [{'amount': '899.00', 'currency': 'EUR'}]}]","[{'locale': None, 'scope': None, 'data': 'Long gray suit jacket and matching pants unstructured'}]","[{'locale': 'en_US', 'scope': None, 'data': 'Apollon'}]","[{'locale': 'en_US', 'scope': 'ecommerce', 'data': 'Long gray suit jacket and matching pants unstructured. 61% wool, 30% polyester, 9% ramie. Dry clean only.'}]","[{'locale': None, 'scope': None, 'data': 'pink'}]","[{'locale': 'en_US', 'scope': None, 'data': 'Apollon pink'}]","[{'locale': None, 'scope': None, 'data': 'c/e/5/3/ce531b5e95eb7e375c27fb33de2db2768380534a_apollon.jpg', '_links': {'download': {'href': 'http://localhost:8080/api/rest/v1/media-files/c/e/5/3/ce531b5e95eb7e375c27fb33de2db2768380534a_apollon.jpg/download'}}}]",,,,,,,
apollon_red,"[{'locale': None, 'scope': None, 'data': 'zaro'}]","[{'locale': None, 'scope': None, 'data': '600'}]","[{'locale': None, 'scope': None, 'data': ['winter_2016']}]","[{'locale': None, 'scope': None, 'data': [{'amount': '899.00', 'currency': 'EUR'}]}]","[{'locale': None, 'scope': None, 'data': 'Long gray suit jacket and matching pants unstructured'}]","[{'locale': 'en_US', 'scope': None, 'data': 'Apollon'}]","[{'locale': 'en_US', 'scope': 'ecommerce', 'data': 'Long gray suit jacket and matching pants unstructured. 61% wool, 30% polyester, 9% ramie. Dry clean only.'}]","[{'locale': None, 'scope': None, 'data': 'red'}]","[{'locale': 'en_US', 'scope': None, 'data': 'Apollon red'}]","[{'locale': None, 'scope': None, 'data': 'c/e/5/3/ce531b5e95eb7e375c27fb33de2db2768380534a_apollon.jpg', '_links': {'download': {'href': 'http://localhost:8080/api/rest/v1/media-files/c/e/5/3/ce531b5e95eb7e375c27fb33de2db2768380534a_apollon.jpg/download'}}}]",,,,,,,
apollon_yellow,"[{'locale': None, 'scope': None, 'data': 'zaro'}]","[{'locale': None, 'scope': None, 'data': '600'}]","[{'locale': None, 'scope': None, 'data': ['winter_2016']}]","[{'locale': None, 'scope': None, 'data': [{'amount': '899.00', 'currency': 'EUR'}]}]","[{'locale': None, 'scope': None, 'data': 'Long gray suit jacket and matching pants unstructured'}]","[{'locale': 'en_US', 'scope': None, 'data': 'Apollon'}]","[{'locale': 'en_US', 'scope': 'ecommerce', 'data': 'Long gray suit jacket and matching pants unstructured. 61% wool, 30% polyester, 9% ramie. Dry clean only.'}]","[{'locale': None, 'scope': None, 'data': 'yellow'}]","[{'locale': 'en_US', 'scope': None, 'data': 'Apollon yellow'}]","[{'locale': None, 'scope': None, 'data': 'c/e/5/3/ce531b5e95eb7e375c27fb33de2db2768380534a_apollon.jpg', '_links': {'download': {'href': 'http://localhost:8080/api/rest/v1/media-files/c/e/5/3/ce531b5e95eb7e375c27fb33de2db2768380534a_apollon.jpg/download'}}}]",,,,,,"[{'locale': None, 'scope': None, 'data': 'd/d/f/c/ddfc8bc78b8c1629934ba7a9574adacadc7ad82a_apollon.jpg', '_links': {'download': {'href': 'http://localhost:8080/api/rest/v1/media-files/d/d/f/c/ddfc8bc78b8c1629934ba7a9574adacadc7ad82a_apollon.jpg/download'}}}]",
ares_blue,"[{'locale': None, 'scope': None, 'data': 'mongo'}]","[{'locale': None, 'scope': None, 'data': '600'}]","[{'locale': None, 'scope': None, 'data': ['spring_2015']}]","[{'locale': None, 'scope': None, 'data': [{'amount': '1099.00', 'currency': 'EUR'}]}]","[{'locale': None, 'scope': None, 'data': 'Blazer wool mixed with sand print foot hen'}]","[{'locale': 'en_US', 'scope': None, 'data': 'Ares'}]","[{'locale': 'en_US', 'scope': 'ecommerce', 'data': ""Blazer wool mixed with sand print foot hen, single breasted with two buttons, patch pockets and contrasting lapel collar, model 'Vienna'. Das Model 185 cm groß ist und trägt Größe 40 (DE Größe 50 - 101cm Brustumfang) 60% wool, 30% polyester, 10% cotton. Machine washable.""}]","[{'locale': None, 'scope': None, 'data': 'blue'}]","[{'locale': 'en_US', 'scope': None, 'data': 'Ares blue'}]",,,,,,,,
ares_pink,"[{'locale': None, 'scope': None, 'data': 'mongo'}]","[{'locale': None, 'scope': None, 'data': '600'}]","[{'locale': None, 'scope': None, 'data': ['spring_2015']}]","[{'locale': None, 'scope': None, 'data': [{'amount': '1099.00', 'currency': 'EUR'}]}]","[{'locale': None, 'scope': None, 'data': 'Blazer wool mixed with sand print foot hen'}]","[{'locale': 'en_US', 'scope': None, 'data': 'Ares'}]","[{'locale': 'en_US', 'scope': 'ecommerce', 'data': ""Blazer wool mixed with sand print foot hen, single breasted with two buttons, patch pockets and contrasting lapel collar, model 'Vienna'. Das Model 185 cm groß ist und trägt Größe 40 (DE Größe 50 - 101cm Brustumfang) 60% wool, 30% polyester, 10% cotton. Machine washable.""}]","[{'locale': None, 'scope': None, 'data': 'pink'}]","[{'locale': 'en_US', 'scope': None, 'data': 'Ares pink'}]",,,,,,,,
ares_yellow,"[{'locale': None, 'scope': None, 'data': 'mongo'}]","[{'locale': None, 'scope': None, 'data': '600'}]","[{'locale': None, 'scope': None, 'data': ['spring_2015']}]","[{'locale': None, 'scope': None, 'data': [{'amount': '1099.00', 'currency': 'EUR'}]}]","[{'locale': None, 'scope': None, 'data': 'Blazer wool mixed with sand print foot hen'}]","[{'locale': 'en_US', 'scope': None, 'data': 'Ares'}]","[{'locale': 'en_US', 'scope': 'ecommerce', 'data': ""Blazer wool mixed with sand print foot hen, single breasted with two buttons, patch pockets and contrasting lapel collar, model 'Vienna'. Das Model 185 cm groß ist und trägt Größe 40 (DE Größe 50 - 101cm Brustumfang) 60% wool, 30% polyester, 10% cotton. Machine washable.""}]","[{'locale': None, 'scope': None, 'data': 'yellow'}]","[{'locale': 'en_US', 'scope': None, 'data': 'Ares yellow'}]",,,,,,,,
artemis_blue,"[{'locale': None, 'scope': None, 'data': 'zaro'}]","[{'locale': None, 'scope': None, 'data': '400'}]","[{'locale': None, 'scope': None, 'data': ['spring_2016']}]","[{'locale': None, 'scope': None, 'data': [{'amount': '499.00', 'currency': 'EUR'}]}]","[{'locale': None, 'scope': None, 'data': 'T-Shirt cotton round neck'}]","[{'locale': 'en_US', 'scope': None, 'data': 'Artemis'}]","[{'locale': 'en_US', 'scope': 'ecommerce', 'data': 'T-Shirt cotton round neck, three quarter sleeves and neckline in the back.'}]","[{'locale': None, 'scope': None, 'data': 'blue'}]","[{'locale': 'en_US', 'scope': None, 'data': 'Artemis blue'}]","[{'locale': None, 'scope': None, 'data': '5/1/b/9/51b91fbc9207be1b646ec0d2afbcdbf3ae3b8420_artemis.jpg', '_links': {'download': {'href': 'http://localhost:8080/api/rest/v1/media-files/5/1/b/9/51b91fbc9207be1b646ec0d2afbcdbf3ae3b8420_artemis.jpg/download'}}}]",,,,,,"[{'locale': None, 'scope': None, 'data': '3/4/d/e/34de849b06b58ce2734500000156b45e71b3a729_artemis.jpg', '_links': {'download': {'href': 'http://localhost:8080/api/rest/v1/media-files/3/4/d/e/34de849b06b58ce2734500000156b45e71b3a729_artemis.jpg/download'}}}]",
artemis_red,"[{'locale': None, 'scope': None, 'data': 'zaro'}]","[{'locale': None, 'scope': None, 'data': '400'}]","[{'locale': None, 'scope': None, 'data': ['spring_2016']}]","[{'locale': None, 'scope': None, 'data': [{'amount': '499.00', 'currency': 'EUR'}]}]","[{'locale': None, 'scope': None, 'data': 'T-Shirt cotton round neck'}]","[{'locale': 'en_US', 'scope': None, 'data': 'Artemis'}]","[{'locale': 'en_US', 'scope': 'ecommerce', 'data': 'T-Shirt cotton round neck, three quarter sleeves and neckline in the back.'}]","[{'locale': None, 'scope': None, 'data': 'red'}]","[{'locale': 'en_US', 'scope': None, 'data': 'Artemis red'}]","[{'locale': None, 'scope': None, 'data': '5/1/b/9/51b91fbc9207be1b646ec0d2afbcdbf3ae3b8420_artemis.jpg', '_links': {'download': {'href': 'http://localhost:8080/api/rest/v1/media-files/5/1/b/9/51b91fbc9207be1b646ec0d2afbcdbf3ae3b8420_artemis.jpg/download'}}}]",,,,,,,
athena,"[{'locale': None, 'scope': None, 'data': 'mongo'}]","[{'locale': None, 'scope': None, 'data': '800'}]","[{'locale': None, 'scope': None, 'data': ['autumn_2016']}]","[{'locale': None, 'scope': None, 'data': [{'amount': '699.00', 'currency': 'EUR'}]}]","[{'locale': None, 'scope': None, 'data': 'athena'}]","[{'locale': 'en_US', 'scope': None, 'data': 'Athena'}]","[{'locale': 'en_US', 'scope': 'ecommerce', 'data': 'Length: Short\nLining: 100% polyester\nModel: Model is 179 cm and wears a size 36\nCervical Shape: Deep V-neck\nTotal length: 88 cm in size 36\nAdditional Info: zip, lined\nHandle Type: Sleeveless\nComposition: 100% nylon\nCare instructions: hand wash'}]",,,"[{'locale': None, 'scope': None, 'data': 'e/5/3/7/e537567677effa1bf10726b9175d7c7d7eb0b092_athena.jpg', '_links': {'download': {'href': 'http://localhost:8080/api/rest/v1/media-files/e/5/3/7/e537567677effa1bf10726b9175d7c7d7eb0b092_athena.jpg/download'}}}]",,,,,,,
bacchus_blue,"[{'locale': None, 'scope': None, 'data': 'zaro'}]","[{'locale': None, 'scope': None, 'data': '600'}]","[{'locale': None, 'scope': None, 'data': ['summer_2016']}]","[{'locale': None, 'scope': None, 'data': [{'amount': '599.00', 'currency': 'EUR'}]}]","[{'locale': None, 'scope': None, 'data': 'Slightly washed denim shorts'}]","[{'locale': 'en_US', 'scope': None, 'data': 'Bacchus'}]","[{'locale': 'en_US', 'scope': 'ecommerce', 'data': 'Slightly washed denim shorts with worn finish on the front. The model is 185cm and is wearing a size UK 32, size 42 EN 100% cotton. Machine washable.'}]","[{'locale': None, 'scope': None, 'data': 'blue'}]","[{'locale': 'en_US', 'scope': None, 'data': 'Bacchus blue'}]","[{'locale': None, 'scope': None, 'data': 'a/a/a/b/aaabc1851b57a5be1b81a433a0750be8e5a3a502_bacchus.jpg', '_links': {'download': {'href': 'http://localhost:8080/api/rest/v1/media-files/a/a/a/b/aaabc1851b57a5be1b81a433a0750be8e5a3a502_bacchus.jpg/download'}}}]",,,,,,"[{'locale': None, 'scope': None, 'data': '8/5/f/0/85f0874c86a607c85211ef7c4e8396ac07655619_bacchus.jpg', '_links': {'download': {'href': 'http://localhost:8080/api/rest/v1/media-files/8/5/f/0/85f0874c86a607c85211ef7c4e8396ac07655619_bacchus.jpg/download'}}}]",
bacchus_orange,"[{'locale': None, 'scope': None, 'data': 'zaro'}]","[{'locale': None, 'scope': None, 'data': '600'}]","[{'locale': None, 'scope': None, 'data': ['summer_2016']}]","[{'locale': None, 'scope': None, 'data': [{'amount': '599.00', 'currency': 'EUR'}]}]","[{'locale': None, 'scope': None, 'data': 'Slightly washed denim shorts'}]","[{'locale': 'en_US', 'scope': None, 'data': 'Bacchus'}]","[{'locale': 'en_US', 'scope': 'ecommerce', 'data': 'Slightly washed denim shorts with worn finish on the front. The model is 185cm and is wearing a size UK 32, size 42 EN 100% cotton. Machine washable.'}]","[{'locale': None, 'scope': None, 'data': 'orange'}]","[{'locale': 'en_US', 'scope': None, 'data': 'Bacchus orange'}]","[{'locale': None, 'scope': None, 'data': 'a/a/a/b/aaabc1851b57a5be1b81a433a0750be8e5a3a502_bacchus.jpg', '_links': {'download': {'href': 'http://localhost:8080/api/rest/v1/media-files/a/a/a/b/aaabc1851b57a5be1b81a433a0750be8e5a3a502_bacchus.jpg/download'}}}]",,,,,,,
bacchus_pink,"[{'locale': None, 'scope': None, 'data': 'zaro'}]","[{'locale': None, 'scope': None, 'data': '600'}]","[{'locale': None, 'scope': None, 'data': ['summer_2016']}]","[{'locale': None, 'scope': None, 'data': [{'amount': '599.00', 'currency': 'EUR'}]}]","[{'locale': None, 'scope': None, 'data': 'Slightly washed denim shorts'}]","[{'locale': 'en_US', 'scope': None, 'data': 'Bacchus'}]","[{'locale': 'en_US', 'scope': 'ecommerce', 'data': 'Slightly washed denim shorts with worn finish on the front. The model is 185cm and is wearing a size UK 32, size 42 EN 100% cotton. Machine washable.'}]","[{'locale': None, 'scope': None, 'data': 'pink'}]","[{'locale': 'en_US', 'scope': None, 'data': 'Bacchus pink'}]","[{'locale': None, 'scope': None, 'data': 'a/a/a/b/aaabc1851b57a5be1b81a433a0750be8e5a3a502_bacchus.jpg', '_links': {'download': {'href': 'http://localhost:8080/api/rest/v1/media-files/a/a/a/b/aaabc1851b57a5be1b81a433a0750be8e5a3a502_bacchus.jpg/download'}}}]",,,,,,,
bacchus_yellow,"[{'locale': None, 'scope': None, 'data': 'zaro'}]","[{'locale': None, 'scope': None, 'data': '600'}]","[{'locale': None, 'scope': None, 'data': ['summer_2016']}]","[{'locale': None, 'scope': None, 'data': [{'amount': '599.00', 'currency': 'EUR'}]}]","[{'locale': None, 'scope': None, 'data': 'Slightly washed denim shorts'}]","[{'locale': 'en_US', 'scope': None, 'data': 'Bacchus'}]","[{'locale': 'en_US', 'scope': 'ecommerce', 'data': 'Slightly washed denim shorts with worn finish on the front. The model is 185cm and is wearing a size UK 32, size 42 EN 100% cotton. Machine washable.'}]","[{'locale': None, 'scope': None, 'data': 'yellow'}]","[{'locale': 'en_US', 'scope': None, 'data': 'Bacchus yellow'}]","[{'locale': None, 'scope': None, 'data': 'a/a/a/b/aaabc1851b57a5be1b81a433a0750be8e5a3a502_bacchus.jpg', '_links': {'download': {'href': 'http://localhost:8080/api/rest/v1/media-files/a/a/a/b/aaabc1851b57a5be1b81a433a0750be8e5a3a502_bacchus.jpg/download'}}}]",,,,,,,
caelus_blue,"[{'locale': None, 'scope': None, 'data': 'mongo'}]","[{'locale': None, 'scope': None, 'data': '600'}]","[{'locale': None, 'scope': None, 'data': ['summer_2016']}]","[{'locale': None, 'scope': None, 'data': [{'amount': '999.00', 'currency': 'EUR'}]}]","[{'locale': None, 'scope': None, 'data': 'Tuxedo with animal print'}]","[{'locale': 'en_US', 'scope': None, 'data': 'Caelus'}]","[{'locale': 'en_US', 'scope': 'ecommerce', 'data': 'Get ready to party in this tuxedo with animal print grabbing composed of a single-breasted jacket with 2 buttons and matching pants. Our skinny suits offer a perfect contemporary snowstorm.\nThe model is 1.85 meters (6 feet 1 inch), wears a size 40 jacket and pants 32R.\nDry clean only.'}]","[{'locale': None, 'scope': None, 'data': 'blue'}]","[{'locale': 'en_US', 'scope': None, 'data': 'Caelus blue'}]",,,,,,,,
caelus_red,"[{'locale': None, 'scope': None, 'data': 'mongo'}]","[{'locale': None, 'scope': None, 'data': '600'}]","[{'locale': None, 'scope': None, 'data': ['summer_2016']}]","[{'locale': None, 'scope': None, 'data': [{'amount': '999.00', 'currency': 'EUR'}]}]","[{'locale': None, 'scope': None, 'data': 'Tuxedo with animal print'}]","[{'locale': 'en_US', 'scope': None, 'data': 'Caelus'}]","[{'locale': 'en_US', 'scope': 'ecommerce', 'data': 'Get ready to party in this tuxedo with animal print grabbing composed of a single-breasted jacket with 2 buttons and matching pants. Our skinny suits offer a perfect contemporary snowstorm.\nThe model is 1.85 meters (6 feet 1 inch), wears a size 40 jacket and pants 32R.\nDry clean only.'}]","[{'locale': None, 'scope': None, 'data': 'red'}]","[{'locale': 'en_US', 'scope': None, 'data': 'Caelus red'}]",,,,,,,,
diana_pink,"[{'locale': None, 'scope': None, 'data': 'zaro'}]","[{'locale': None, 'scope': None, 'data': '400'}]","[{'locale': None, 'scope': None, 'data': ['winter_2016']}]","[{'locale': None, 'scope': None, 'data': [{'amount': '149.00', 'currency': 'EUR'}]}]","[{'locale': None, 'scope': None, 'data': 'diana'}]","[{'locale': 'en_US', 'scope': None, 'data': 'Diana'}]","[{'locale': 'en_US', 'scope': 'ecommerce', 'data': 'Length: Short\nLining: 100% polyester\nModel: Model is 179 cm and wears a size 36\nCervical Shape: Deep V-neck\nTotal length: 88 cm in size 36\nAdditional Info: zip, lined\nHandle Type: Sleeveless\nComposition: 100% nylon\nCare instructions: hand wash'}]","[{'locale': None, 'scope': None, 'data': 'pink'}]","[{'locale': 'en_US', 'scope': None, 'data': 'Diana pink'}]","[{'locale': None, 'scope': None, 'data': 'd/2/5/8/d258264ab8c306c364c7af373758910942520e20_diana2.jpg', '_links': {'download': {'href': 'http://localhost:8080/api/rest/v1/media-files/d/2/5/8/d258264ab8c306c364c7af373758910942520e20_diana2.jpg/download'}}}]",,,,,,"[{'locale': None, 'scope': None, 'data': '0/d/8/5/0d85354f579d88c7e9cf65607fcf8bca4d657d87_diana2.jpg', '_links': {'download': {'href': 'http://localhost:8080/api/rest/v1/media-files/0/d/8/5/0d85354f579d88c7e9cf65607fcf8bca4d657d87_diana2.jpg/download'}}}]",
diana_red,"[{'locale': None, 'scope': None, 'data': 'zaro'}]","[{'locale': None, 'scope': None, 'data': '400'}]","[{'locale': None, 'scope': None, 'data': ['winter_2016']}]","[{'locale': None, 'scope': None, 'data': [{'amount': '149.00', 'currency': 'EUR'}]}]","[{'locale': None, 'scope': None, 'data': 'diana'}]","[{'locale': 'en_US', 'scope': None, 'data': 'Diana'}]","[{'locale': 'en_US', 'scope': 'ecommerce', 'data': 'Length: Short\nLining: 100% polyester\nModel: Model is 179 cm and wears a size 36\nCervical Shape: Deep V-neck\nTotal length: 88 cm in size 36\nAdditional Info: zip, lined\nHandle Type: Sleeveless\nComposition: 100% nylon\nCare instructions: hand wash'}]","[{'locale': None, 'scope': None, 'data': 'red'}]","[{'locale': 'en_US', 'scope': None, 'data': 'Diana red'}]","[{'locale': None, 'scope': None, 'data': 'd/2/5/8/d258264ab8c306c364c7af373758910942520e20_diana2.jpg', '_links': {'download': {'href': 'http://localhost:8080/api/rest/v1/media-files/d/2/5/8/d258264ab8c306c364c7af373758910942520e20_diana2.jpg/download'}}}]",,,,,,,
hades_blue,"[{'locale': None, 'scope': None, 'data': 'zaro'}]","[{'locale': None, 'scope': None, 'data': '600'}]","[{'locale': None, 'scope': None, 'data': ['autumn_2016']}]","[{'locale': None, 'scope': None, 'data': [{'amount': '699.00', 'currency': 'EUR'}]}]","[{'locale': None, 'scope': None, 'data': 'Elegant slim long sleeve shirt'}]","[{'locale': 'en_US', 'scope': None, 'data': 'Hades'}]","[{'locale': 'en_US', 'scope': 'ecommerce', 'data': 'Elegant slim long sleeve shirt white with button-down collar and breast pocket. 65% polyester, 35% cotton. Machine washable.'}]","[{'locale': None, 'scope': None, 'data': 'blue'}]","[{'locale': 'en_US', 'scope': None, 'data': 'Hades blue'}]",,,,,,,,
hades_red,"[{'locale': None, 'scope': None, 'data': 'zaro'}]","[{'locale': None, 'scope': None, 'data': '600'}]","[{'locale': None, 'scope': None, 'data': ['autumn_2016']}]","[{'locale': None, 'scope': None, 'data': [{'amount': '699.00', 'currency': 'EUR'}]}]","[{'locale': None, 'scope': None, 'data': 'Elegant slim long sleeve shirt'}]","[{'locale': 'en_US', 'scope': None, 'data': 'Hades'}]","[{'locale': 'en_US', 'scope': 'ecommerce', 'data': 'Elegant slim long sleeve shirt white with button-down collar and breast pocket. 65% polyester, 35% cotton. Machine washable.'}]","[{'locale': None, 'scope': None, 'data': 'red'}]","[{'locale': 'en_US', 'scope': None, 'data': 'Hades red'}]",,,,,,,,
aurora,"[{'locale': None, 'scope': None, 'data': 'mongo'}]","[{'locale': None, 'scope': None, 'data': '700'}]","[{'locale': None, 'scope': None, 'data': ['summer_2017']}]","[{'locale': None, 'scope': None, 'data': [{'amount': '599.00', 'currency': 'EUR'}]}]","[{'locale': None, 'scope': None, 'data': 'aurora'}]","[{'locale': 'en_US', 'scope': None, 'data': 'Aurora'}]","[{'locale': 'en_US', 'scope': 'ecommerce', 'data': 'Length: Long\nFit: Relaxed\nModel: Model is 175 cm tall and wears a size 36\nTotal length: 71 cm in size 36\nCollar: Shawl Collar\nSleeve length: 37 cm in size 36\nHandle Type: three quarter sleeve\nComposition: 100% polyester\nCare instructions: do not tumble dry, Machine wash at 30 ° C, shrink possibility limited to 5%, delicates wash'}]",,,,,,,,,,
jack_brown,,,"[{'locale': None, 'scope': None, 'data': ['summer_2017']}]",,"[{'locale': None, 'scope': None, 'data': 'jack'}]","[{'locale': 'en_US', 'scope': None, 'data': 'Jack'}]",,"[{'locale': None, 'scope': None, 'data': 'brown'}]","[{'locale': 'en_US', 'scope': None, 'data': 'Jack brown'}]",,,,,,,"[{'locale': None, 'scope': None, 'data': 'e/2/e/e/e2eebd01180b497ab332cec4eadc9a6b9012766f_t_shirt_marron.png', '_links': {'download': {'href': 'http://localhost:8080/api/rest/v1/media-files/e/2/e/e/e2eebd01180b497ab332cec4eadc9a6b9012766f_t_shirt_marron.png/download'}}}]",
jack_green,,,"[{'locale': None, 'scope': None, 'data': ['summer_2017']}]",,"[{'locale': None, 'scope': None, 'data': 'jack'}]","[{'locale': 'en_US', 'scope': None, 'data': 'Jack'}]",,"[{'locale': None, 'scope': None, 'data': 'green'}]","[{'locale': 'en_US', 'scope': None, 'data': 'Jack green'}]",,,,,,,"[{'locale': None, 'scope': None, 'data': '8/b/b/9/8bb97c9cff0cc81a1b912dab693270c451403ab1_t_shirt_green.jpg', '_links': {'download': {'href': 'http://localhost:8080/api/rest/v1/media-files/8/b/b/9/8bb97c9cff0cc81a1b912dab693270c451403ab1_t_shirt_green.jpg/download'}}}]",
plain_red,,,"[{'locale': None, 'scope': None, 'data': ['summer_2017']}]",,"[{'locale': None, 'scope': None, 'data': 'plain'}]","[{'locale': 'en_US', 'scope': None, 'data': 'Plain'}]",,"[{'locale': None, 'scope': None, 'data': 'red'}]","[{'locale': 'en_US', 'scope': None, 'data': 'Plain red '}]",,,,,,,"[{'locale': None, 'scope': None, 'data': 'b/9/c/f/b9cfb0ee6cf5e0e9d6fbfc94ec4e3a87bb3626c0_plain_red.jpg', '_links': {'download': {'href': 'http://localhost:8080/api/rest/v1/media-files/b/9/c/f/b9cfb0ee6cf5e0e9d6fbfc94ec4e3a87bb3626c0_plain_red.jpg/download'}}}]",
plain_white,,,"[{'locale': None, 'scope': None, 'data': ['summer_2017']}]",,"[{'locale': None, 'scope': None, 'data': 'plain'}]","[{'locale': 'en_US', 'scope': None, 'data': 'Plain'}]",,"[{'locale': None, 'scope': None, 'data': 'white'}]","[{'locale': 'en_US', 'scope': None, 'data': 'Plain white'}]",,,,,,,,
model-biker-jacket-leather,,,"[{'locale': None, 'scope': None, 'data': ['summer_2017']}]",,"[{'locale': None, 'scope': None, 'data': 'Biker jacket'}]",,"[{'locale': 'en_US', 'scope': 'ecommerce', 'data': 'Biker jacket'}]","[{'locale': None, 'scope': None, 'data': 'white'}]","[{'locale': 'en_US', 'scope': None, 'data': 'Biker jacket leather'}]",,"[{'locale': None, 'scope': None, 'data': 'leather'}]",,,,,,
model-biker-jacket-polyester,,,"[{'locale': None, 'scope': None, 'data': ['summer_2017']}]",,"[{'locale': None, 'scope': None, 'data': 'Biker jacket'}]",,"[{'locale': 'en_US', 'scope': 'ecommerce', 'data': 'Biker jacket'}]","[{'locale': None, 'scope': None, 'data': 'white'}]","[{'locale': 'en_US', 'scope': None, 'data': 'Biker jacket polyester'}]",,"[{'locale': None, 'scope': None, 'data': 'polyester'}]",,,,,,
model-running-shoes-l,,,"[{'locale': None, 'scope': None, 'data': ['summer_2017']}]",,"[{'locale': None, 'scope': None, 'data': 'Running shoes'}]",,"[{'locale': 'en_US', 'scope': 'ecommerce', 'data': 'Running shoes'}]",,"[{'locale': 'en_US', 'scope': None, 'data': 'Running shoes L'}]",,"[{'locale': None, 'scope': None, 'data': 'leather'}]",,,,"[{'locale': None, 'scope': None, 'data': 'l'}]",,
model-running-shoes-m,,,"[{'locale': None, 'scope': None, 'data': ['summer_2017']}]",,"[{'locale': None, 'scope': None, 'data': 'Running shoes'}]",,"[{'locale': 'en_US', 'scope': 'ecommerce', 'data': 'Running shoes'}]",,"[{'locale': 'en_US', 'scope': None, 'data': 'Running shoes M'}]",,"[{'locale': None, 'scope': None, 'data': 'leather'}]",,,,"[{'locale': None, 'scope': None, 'data': 'm'}]",,
model-running-shoes-s,,,"[{'locale': None, 'scope': None, 'data': ['summer_2017']}]",,"[{'locale': None, 'scope': None, 'data': 'Running shoes'}]",,"[{'locale': 'en_US', 'scope': 'ecommerce', 'data': 'Running shoes'}]",,"[{'locale': 'en_US', 'scope': None, 'data': 'Running shoes S'}]",,"[{'locale': None, 'scope': None, 'data': 'leather'}]",,,,"[{'locale': None, 'scope': None, 'data': 's'}]",,
model-tshirt-divided-blue,"[{'locale': None, 'scope': None, 'data': 'zaro'}]","[{'locale': None, 'scope': None, 'data': '400'}]","[{'locale': None, 'scope': None, 'data': ['summer_2017']}]","[{'locale': None, 'scope': None, 'data': [{'amount': '19.00', 'currency': 'EUR'}, {'amount': '19.00', 'currency': 'USD'}]}]","[{'locale': None, 'scope': None, 'data': 'Cotton t-shirt with a round neck Divided'}]","[{'locale': 'en_US', 'scope': None, 'data': 'T-shirt DIVIDED'}]","[{'locale': 'en_US', 'scope': 'ecommerce', 'data': 'Divided slim T-shirt with a round neck'}]","[{'locale': None, 'scope': None, 'data': 'blue'}]","[{'locale': 'en_US', 'scope': None, 'data': 'Cotton t-shirt with a round neck Divided blue'}, {'locale': 'fr_FR', 'scope': None, 'data': 'T-shirt en coton avec un col rond Divided bleu'}]","[{'locale': None, 'scope': None, 'data': '5/1/c/6/51c653120f7b3045b7e19f8a64c92c78fcbfb662_red.png', '_links': {'download': {'href': 'http://localhost:8080/api/rest/v1/media-files/5/1/c/6/51c653120f7b3045b7e19f8a64c92c78fcbfb662_red.png/download'}}}]","[{'locale': None, 'scope': None, 'data': 'polyester'}]","[{'locale': None, 'scope': None, 'data': 'akeneo'}]","[{'locale': 'en_US', 'scope': None, 'data': 'Cotton t-shirt with a round neck Divided'}]","[{'locale': None, 'scope': None, 'data': 'Machine wash 40°'}]",,"[{'locale': None, 'scope': None, 'data': '3/0/7/8/3078140eed05b112ca4561ecef1042844d6a3bdd_blue.png', '_links': {'download': {'href': 'http://localhost:8080/api/rest/v1/media-files/3/0/7/8/3078140eed05b112ca4561ecef1042844d6a3bdd_blue.png/download'}}}]","[{'locale': None, 'scope': None, 'data': '57% cotton, 43% polyester'}]"
bacchus,"[{'locale': None, 'scope': None, 'data': 'zaro'}]","[{'locale': None, 'scope': None, 'data': '600'}]","[{'locale': None, 'scope': None, 'data': ['summer_2016']}]","[{'locale': None, 'scope': None, 'data': [{'amount': '599.00', 'currency': 'EUR'}]}]","[{'locale': None, 'scope': None, 'data': 'Slightly washed denim shorts'}]","[{'locale': 'en_US', 'scope': None, 'data': 'Bacchus'}]","[{'locale': 'en_US', 'scope': 'ecommerce', 'data': 'Slightly washed denim shorts with worn finish on the front. The model is 185cm and is wearing a size UK 32, size 42 EN 100% cotton. Machine washable.'}]",,,"[{'locale': None, 'scope': None, 'data': 'a/a/a/b/aaabc1851b57a5be1b81a433a0750be8e5a3a502_bacchus.jpg', '_links': {'download': {'href': 'http://localhost:8080/api/rest/v1/media-files/a/a/a/b/aaabc1851b57a5be1b81a433a0750be8e5a3a502_bacchus.jpg/download'}}}]",,,,,,,
model-tshirt-divided-grey,"[{'locale': None, 'scope': None, 'data': 'zaro'}]","[{'locale': None, 'scope': None, 'data': '400'}]","[{'locale': None, 'scope': None, 'data': ['summer_2017']}]","[{'locale': None, 'scope': None, 'data': [{'amount': '19.00', 'currency': 'EUR'}, {'amount': '19.00', 'currency': 'USD'}]}]","[{'locale': None, 'scope': None, 'data': 'Cotton t-shirt with a round neck Divided'}]","[{'locale': 'en_US', 'scope': None, 'data': 'T-shirt DIVIDED'}]","[{'locale': 'en_US', 'scope': 'ecommerce', 'data': 'Divided slim T-shirt with a round neck'}]","[{'locale': None, 'scope': None, 'data': 'grey'}]","[{'locale': 'en_US', 'scope': None, 'data': 'Cotton t-shirt with a round neck Divided grey'}, {'locale': 'fr_FR', 'scope': None, 'data': 'T-shirt en coton avec un col rond Divided gris'}]","[{'locale': None, 'scope': None, 'data': '5/1/c/6/51c653120f7b3045b7e19f8a64c92c78fcbfb662_red.png', '_links': {'download': {'href': 'http://localhost:8080/api/rest/v1/media-files/5/1/c/6/51c653120f7b3045b7e19f8a64c92c78fcbfb662_red.png/download'}}}]","[{'locale': None, 'scope': None, 'data': 'cotton'}]","[{'locale': None, 'scope': None, 'data': 'akeneo'}]","[{'locale': 'en_US', 'scope': None, 'data': 'Cotton t-shirt with a round neck Divided'}]","[{'locale': None, 'scope': None, 'data': 'Machine wash 40°'}]",,"[{'locale': None, 'scope': None, 'data': '2/2/2/3/222339326f97dc8372d07479ad22d4c5efa69436_grey.png', '_links': {'download': {'href': 'http://localhost:8080/api/rest/v1/media-files/2/2/2/3/222339326f97dc8372d07479ad22d4c5efa69436_grey.png/download'}}}]","[{'locale': None, 'scope': None, 'data': '100% cotton'}]"
model-tshirt-divided-red,"[{'locale': None, 'scope': None, 'data': 'zaro'}]","[{'locale': None, 'scope': None, 'data': '400'}]","[{'locale': None, 'scope': None, 'data': ['summer_2017']}]","[{'locale': None, 'scope': None, 'data': [{'amount': '19.00', 'currency': 'EUR'}, {'amount': '19.00', 'currency': 'USD'}]}]","[{'locale': None, 'scope': None, 'data': 'Cotton t-shirt with a round neck Divided'}]","[{'locale': 'en_US', 'scope': None, 'data': 'T-shirt DIVIDED'}]","[{'locale': 'en_US', 'scope': 'ecommerce', 'data': 'Divided slim T-shirt with a round neck'}]","[{'locale': None, 'scope': None, 'data': 'red'}]","[{'locale': 'en_US', 'scope': None, 'data': 'Cotton t-shirt with a round neck Divided red'}, {'locale': 'fr_FR', 'scope': None, 'data': 'T-shirt en coton avec un col rond Divided rouge'}]","[{'locale': None, 'scope': None, 'data': '5/1/c/6/51c653120f7b3045b7e19f8a64c92c78fcbfb662_red.png', '_links': {'download': {'href': 'http://localhost:8080/api/rest/v1/media-files/5/1/c/6/51c653120f7b3045b7e19f8a64c92c78fcbfb662_red.png/download'}}}]","[{'locale': None, 'scope': None, 'data': 'cotton'}]","[{'locale': None, 'scope': None, 'data': 'akeneo'}]","[{'locale': 'en_US', 'scope': None, 'data': 'Cotton t-shirt with a round neck Divided'}]","[{'locale': None, 'scope': None, 'data': 'Machine wash 40°'}]",,"[{'locale': None, 'scope': None, 'data': 'a/7/0/6/a7066887ff86c7d5320aa6443e66a9f855a42b20_red.png', '_links': {'download': {'href': 'http://localhost:8080/api/rest/v1/media-files/a/7/0/6/a7066887ff86c7d5320aa6443e66a9f855a42b20_red.png/download'}}}]","[{'locale': None, 'scope': None, 'data': '100% cotton'}]"
brogueshoe,"[{'locale': None, 'scope': None, 'data': 'abibas'}]",,"[{'locale': None, 'scope': None, 'data': ['summer_2016']}]","[{'locale': None, 'scope': None, 'data': [{'amount': '267.00', 'currency': 'EUR'}]}]","[{'locale': None, 'scope': None, 'data': 'brogueshoe'}]","[{'locale': 'en_US', 'scope': None, 'data': 'Brogue shoe'}]",,,,,,,,,,,
