code,family,family_variant,parent,categories,values,created,updated,associations,quantified_associations
amor,clothing,clothing_colorsize,,"['master_men_blazers', 'supplier_zaro']","{'supplier': [{'locale': None, 'scope': None, 'data': 'zaro'}], 'wash_temperature': [{'locale': None, 'scope': None, 'data': '800'}], 'collection': [{'locale': None, 'scope': None, 'data': ['summer_2016']}], 'price': [{'locale': None, 'scope': None, 'data': [{'amount': '999.00', 'currency': 'EUR'}]}], 'name': [{'locale': None, 'scope': None, 'data': 'Heritage jacket navy'}], 'erp_name': [{'locale': 'en_US', 'scope': None, 'data': 'Amor'}], 'description': [{'locale': 'en_US', 'scope': 'ecommerce', 'data': 'Heritage jacket navy blue tweed suit with single breasted 2 button. 53% wool, 22% polyester, 18% acrylic, 5% nylon, 1% cotton, 1% viscose. Dry Cleaning uniquement.Le mannequin measuring 1m85 and wears UK size 40, size 50 FR'}]}",2022-01-27T17:36:57+00:00,2022-01-27T17:36:57+00:00,"{'PACK': {'products': [], 'product_models': [], 'groups': []}, 'SUBSTITUTION': {'products': [], 'product_models': [], 'groups': []}, 'UPSELL': {'products': [], 'product_models': [], 'groups': []}, 'X_SELL': {'products': [], 'product_models': [], 'groups': []}}",{}
brooksblue,shoes,shoes_size,,['master_men_shoes'],"{'color': [{'locale': None, 'scope': None, 'data': 'blue'}], 'collection': [{'locale': None, 'scope': None, 'data': ['summer_2017']}], 'name': [{'locale': None, 'scope': None, 'data': 'Brooks blue'}], 'erp_name': [{'locale': 'en_US', 'scope': None, 'data': 'Brooks blue'}], 'variation_name': [{'locale': 'en_US', 'scope': None, 'data': 'Brooks blue'}], 'description': [{'locale': 'en_US', 'scope': 'ecommerce', 'data': 'Brooks blue'}]}",2022-01-27T17:36:57+00:00,2022-01-27T17:36:57+00:00,"{'PACK': {'products': [], 'product_models': [], 'groups': []}, 'SUBSTITUTION': {'products': [], 'product_models': [], 'groups': []}, 'UPSELL': {'products': [], 'product_models': [], 'groups': []}, 'X_SELL': {'products': [], 'product_models': [], 'groups': []}}",{}
brookspink,shoes,shoes_size,,['master_women_shoes'],"{'color': [{'locale': None, 'scope': None, 'data': 'pink'}], 'collection': [{'locale': None, 'scope': None, 'data': ['summer_2017']}], 'name': [{'locale': None, 'scope': None, 'data': 'Brooks pink'}], 'erp_name': [{'locale': 'en_US', 'scope': None, 'data': 'Brooks pink'}], 'variation_name': [{'locale': 'en_US', 'scope': None, 'data': 'Brooks pink'}], 'description': [{'locale': 'en_US', 'scope': 'ecommerce', 'data': 'Brooks pink'}]}",2022-01-27T17:36:57+00:00,2022-01-27T17:36:57+00:00,"{'PACK': {'products': [], 'product_models': [], 'groups': []}, 'SUBSTITUTION': {'products': [], 'product_models': [], 'groups': []}, 'UPSELL': {'products': [], 'product_models': [], 'groups': []}, 'X_SELL': {'products': [], 'product_models': [], 'groups': []}}",{}
caelus,clothing,clothing_color_size,,"['master_men_blazers_deals', 'supplier_mongo']","{'supplier': [{'locale': None, 'scope': None, 'data': 'mongo'}], 'wash_temperature': [{'locale': None, 'scope': None, 'data': '600'}], 'collection': [{'locale': None, 'scope': None, 'data': ['summer_2016']}], 'price': [{'locale': None, 'scope': None, 'data': [{'amount': '999.00', 'currency': 'EUR'}]}], 'name': [{'locale': None, 'scope': None, 'data': 'Tuxedo with animal print'}], 'erp_name': [{'locale': 'en_US', 'scope': None, 'data': 'Caelus'}], 'description': [{'locale': 'en_US', 'scope': 'ecommerce', 'data': 'Get ready to party in this tuxedo with animal print grabbing composed of a single-breasted jacket with 2 buttons and matching pants. Our skinny suits offer a perfect contemporary snowstorm.\nThe model is 1.85 meters (6 feet 1 inch), wears a size 40 jacket and pants 32R.\nDry clean only.'}]}",2022-01-27T17:36:57+00:00,2022-01-27T17:36:57+00:00,"{'PACK': {'products': [], 'product_models': [], 'groups': []}, 'SUBSTITUTION': {'products': [], 'product_models': [], 'groups': []}, 'UPSELL': {'products': [], 'product_models': [], 'groups': []}, 'X_SELL': {'products': [], 'product_models': [], 'groups': []}}",{}
climbingshoe,shoes,shoes_size,,"['master_men_shoes', 'print_shoes', 'supplier_abibas']","{'supplier': [{'locale': None, 'scope': None, 'data': 'abibas'}], 'collection': [{'locale': None, 'scope': None, 'data': ['summer_2017']}], 'price': [{'locale': None, 'scope': None, 'data': [{'amount': '258.00', 'currency': 'EUR'}]}], 'image': [{'locale': None, 'scope': None, 'data': '8/9/4/e/894e211b0a66b849d53f4beedb807982631ffc8c_climbingshoe.jpg', '_links': {'download': {'href': 'http://localhost:8080/api/rest/v1/media-files/8/9/4/e/894e211b0a66b849d53f4beedb807982631ffc8c_climbingshoe.jpg/download'}}}], 'name': [{'locale': None, 'scope': None, 'data': 'climbingshoe'}], 'erp_name': [{'locale': 'en_US', 'scope': None, 'data': 'Climbing shoe'}]}",2022-01-27T17:36:57+00:00,2022-01-27T17:36:57+00:00,"{'PACK': {'products': [], 'product_models': [], 'groups': []}, 'SUBSTITUTION': {'products': [], 'product_models': [], 'groups': []}, 'UPSELL': {'products': [], 'product_models': [], 'groups': []}, 'X_SELL': {'products': [], 'product_models': [], 'groups': []}}",{}
converseblack,shoes,shoes_size,,"['master_men_shoes', 'master_women_shoes']","{'color': [{'locale': None, 'scope': None, 'data': 'black'}], 'collection': [{'locale': None, 'scope': None, 'data': ['summer_2017']}], 'image': [{'locale': None, 'scope': None, 'data': '3/9/b/e/39be290888414d84db74f4b6f0051a8b9d29be2d_feet_1842328_960_720.jpg', '_links': {'download': {'href': 'http://localhost:8080/api/rest/v1/media-files/3/9/b/e/39be290888414d84db74f4b6f0051a8b9d29be2d_feet_1842328_960_720.jpg/download'}}}], 'name': [{'locale': None, 'scope': None, 'data': 'Converse black'}], 'erp_name': [{'locale': 'en_US', 'scope': None, 'data': 'Converse black'}], 'variation_name': [{'locale': 'en_US', 'scope': None, 'data': 'Converse black'}], 'description': [{'locale': 'en_US', 'scope': 'ecommerce', 'data': 'Converse black'}]}",2022-01-27T17:36:57+00:00,2022-01-27T17:36:57+00:00,"{'PACK': {'products': [], 'product_models': [], 'groups': []}, 'SUBSTITUTION': {'products': [], 'product_models': [], 'groups': []}, 'UPSELL': {'products': [], 'product_models': [], 'groups': []}, 'X_SELL': {'products': [], 'product_models': [], 'groups': []}}",{}
conversered,shoes,shoes_size,,"['master_men_shoes', 'master_women_shoes']","{'color': [{'locale': None, 'scope': None, 'data': 'red'}], 'collection': [{'locale': None, 'scope': None, 'data': ['summer_2017']}], 'image': [{'locale': None, 'scope': None, 'data': 'b/7/1/1/b7117721ccbce182c06fc4cf2d8ff30360b8a80d_converse_932667_960_720.jpg', '_links': {'download': {'href': 'http://localhost:8080/api/rest/v1/media-files/b/7/1/1/b7117721ccbce182c06fc4cf2d8ff30360b8a80d_converse_932667_960_720.jpg/download'}}}], 'name': [{'locale': None, 'scope': None, 'data': 'Converse red'}], 'erp_name': [{'locale': 'en_US', 'scope': None, 'data': 'Converse red'}], 'variation_name': [{'locale': 'en_US', 'scope': None, 'data': 'Converse red'}], 'description': [{'locale': 'en_US', 'scope': 'ecommerce', 'data': 'Converse red'}]}",2022-01-27T17:36:57+00:00,2022-01-27T17:36:57+00:00,"{'PACK': {'products': [], 'product_models': [], 'groups': []}, 'SUBSTITUTION': {'products': [], 'product_models': [], 'groups': []}, 'UPSELL': {'products': [], 'product_models': [], 'groups': []}, 'X_SELL': {'products': [], 'product_models': [], 'groups': []}}",{}
derby,shoes,shoes_size,,"['master_men_shoes', 'print_shoes', 'supplier_abibas']","{'supplier': [{'locale': None, 'scope': None, 'data': 'abibas'}], 'collection': [{'locale': None, 'scope': None, 'data': ['summer_2016']}], 'price': [{'locale': None, 'scope': None, 'data': [{'amount': '123.00', 'currency': 'EUR'}]}], 'name': [{'locale': None, 'scope': None, 'data': 'derby'}], 'erp_name': [{'locale': 'en_US', 'scope': None, 'data': 'Derby shoe'}]}",2022-01-27T17:36:57+00:00,2022-01-27T17:36:57+00:00,"{'PACK': {'products': [], 'product_models': [], 'groups': []}, 'SUBSTITUTION': {'products': [], 'product_models': [], 'groups': []}, 'UPSELL': {'products': [], 'product_models': [], 'groups': []}, 'X_SELL': {'products': [], 'product_models': [], 'groups': []}}",{}
diana,clothing,clothing_color_size,,"['master_women_dresses', 'print_clothing', 'supplier_zaro']","{'supplier': [{'locale': None, 'scope': None, 'data': 'zaro'}], 'wash_temperature': [{'locale': None, 'scope': None, 'data': '400'}], 'collection': [{'locale': None, 'scope': None, 'data': ['winter_2016']}], 'price': [{'locale': None, 'scope': None, 'data': [{'amount': '149.00', 'currency': 'EUR'}]}], 'image': [{'locale': None, 'scope': None, 'data': 'd/2/5/8/d258264ab8c306c364c7af373758910942520e20_diana2.jpg', '_links': {'download': {'href': 'http://localhost:8080/api/rest/v1/media-files/d/2/5/8/d258264ab8c306c364c7af373758910942520e20_diana2.jpg/download'}}}], 'name': [{'locale': None, 'scope': None, 'data': 'diana'}], 'erp_name': [{'locale': 'en_US', 'scope': None, 'data': 'Diana'}], 'description': [{'locale': 'en_US', 'scope': 'ecommerce', 'data': 'Length: Short\nLining: 100% polyester\nModel: Model is 179 cm and wears a size 36\nCervical Shape: Deep V-neck\nTotal length: 88 cm in size 36\nAdditional Info: zip, lined\nHandle Type: Sleeveless\nComposition: 100% nylon\nCare instructions: hand wash'}]}",2022-01-27T17:36:57+00:00,2022-01-27T17:36:57+00:00,"{'PACK': {'products': [], 'product_models': [], 'groups': []}, 'SUBSTITUTION': {'products': [], 'product_models': [], 'groups': []}, 'UPSELL': {'products': [], 'product_models': [], 'groups': []}, 'X_SELL': {'products': [], 'product_models': [], 'groups': []}}",{}
dionysos,clothing,clothing_colorsize,,"['master_men_blazers_deals', 'supplier_zaro']","{'supplier': [{'locale': None, 'scope': None, 'data': 'zaro'}], 'wash_temperature': [{'locale': None, 'scope': None, 'data': '800'}], 'price': [{'locale': None, 'scope': None, 'data': [{'amount': '1099.00', 'currency': 'EUR'}]}], 'name': [{'locale': None, 'scope': None, 'data': 'Black-breasted jacket'}], 'erp_name': [{'locale': 'en_US', 'scope': None, 'data': 'Dionysos'}]}",2022-01-27T17:36:57+00:00,2022-01-27T17:36:57+00:00,"{'PACK': {'products': [], 'product_models': [], 'groups': []}, 'SUBSTITUTION': {'products': [], 'product_models': [], 'groups': []}, 'UPSELL': {'products': [], 'product_models': [], 'groups': []}, 'X_SELL': {'products': [], 'product_models': [], 'groups': []}}",{}
dressshoe,shoes,shoes_size,,"['master_men_shoes', 'supplier_abibas']","{'supplier': [{'locale': None, 'scope': None, 'data': 'abibas'}], 'price': [{'locale': None, 'scope': None, 'data': [{'amount': '444.00', 'currency': 'EUR'}]}], 'image': [{'locale': None, 'scope': None, 'data': 'a/b/7/8/ab78aef0912393ef4f5a2227f299da2113a6d145_dressshoe.jpg', '_links': {'download': {'href': 'http://localhost:8080/api/rest/v1/media-files/a/b/7/8/ab78aef0912393ef4f5a2227f299da2113a6d145_dressshoe.jpg/download'}}}], 'erp_name': [{'locale': 'en_US', 'scope': None, 'data': 'Dress shoe'}]}",2022-01-27T17:36:57+00:00,2022-01-27T17:36:57+00:00,"{'PACK': {'products': [], 'product_models': [], 'groups': []}, 'SUBSTITUTION': {'products': [], 'product_models': [], 'groups': []}, 'UPSELL': {'products': [], 'product_models': [], 'groups': []}, 'X_SELL': {'products': [], 'product_models': [], 'groups': []}}",{}
aphrodite,clothing,clothing_colorsize,,"['master_women_blouses', 'print_clothing', 'supplier_zaro']","{'supplier': [{'locale': None, 'scope': None, 'data': 'zaro'}], 'wash_temperature': [{'locale': None, 'scope': None, 'data': '700'}], 'collection': [{'locale': None, 'scope': None, 'data': ['summer_2016']}], 'price': [{'locale': None, 'scope': None, 'data': [{'amount': '299.00', 'currency': 'EUR'}]}], 'name': [{'locale': None, 'scope': None, 'data': 'Top Layered Sleeveless gauze snake print'}], 'erp_name': [{'locale': 'en_US', 'scope': None, 'data': 'Aphrodite'}], 'description': [{'locale': 'en_US', 'scope': 'ecommerce', 'data': 'Top Layered Sleeveless gauze snake print. Pleated round neck and drop back closure. · Back length 55.2 cmCes measures are calculated for a size M.'}]}",2022-01-27T17:36:57+00:00,2022-01-27T17:36:57+00:00,"{'PACK': {'products': [], 'product_models': [], 'groups': []}, 'SUBSTITUTION': {'products': [], 'product_models': [], 'groups': []}, 'UPSELL': {'products': [], 'product_models': [], 'groups': []}, 'X_SELL': {'products': [], 'product_models': [], 'groups': []}}",{}
elegance,shoes,shoes_size,,['master_men_shoes'],"{'color': [{'locale': None, 'scope': None, 'data': 'black'}], 'collection': [{'locale': None, 'scope': None, 'data': ['summer_2017']}], 'image': [{'locale': None, 'scope': None, 'data': 'c/e/b/e/cebebe9ce3b612d21430be9cb4f0343b9b082b1b_elegance.jpg', '_links': {'download': {'href': 'http://localhost:8080/api/rest/v1/media-files/c/e/b/e/cebebe9ce3b612d21430be9cb4f0343b9b082b1b_elegance.jpg/download'}}}], 'name': [{'locale': None, 'scope': None, 'data': 'elegance'}], 'erp_name': [{'locale': 'en_US', 'scope': None, 'data': 'Elegance'}], 'variation_name': [{'locale': 'en_US', 'scope': None, 'data': 'Elegance'}]}",2022-01-27T17:36:57+00:00,2022-01-27T17:36:57+00:00,"{'PACK': {'products': [], 'product_models': [], 'groups': []}, 'SUBSTITUTION': {'products': [], 'product_models': [], 'groups': []}, 'UPSELL': {'products': [], 'product_models': [], 'groups': []}, 'X_SELL': {'products': [], 'product_models': [], 'groups': []}}",{}
eris,clothing,clothing_colorsize,,"['master_women_shirts', 'print_clothing', 'supplier_zaro']","{'supplier': [{'locale': None, 'scope': None, 'data': 'zaro'}], 'wash_temperature': [{'locale': None, 'scope': None, 'data': '700'}], 'collection': [{'locale': None, 'scope': None, 'data': ['spring_2016']}], 'price': [{'locale': None, 'scope': None, 'data': [{'amount': '399.00', 'currency': 'EUR'}]}], 'name': [{'locale': None, 'scope': None, 'data': 'Relaxed with a classic or dynamic piec'}], 'erp_name': [{'locale': 'en_US', 'scope': None, 'data': 'Eris'}], 'description': [{'locale': 'en_US', 'scope': 'ecommerce', 'data': 'Relaxed with a classic or dynamic piece with an extravagant accessory: white blouse with it the Mexx brand, your look will be 100% successful!\n\nLength: normal\nCut: bent\nBack width: 46 cm\nModel: 178 cm\nOccasion: Business\nPattern / Color: Solid colors\nTotal length: 67 cm in size 36\nCol: flared neck\nSleeve length: 63 cm in size 36\nSleeve type: Long Sleeve\nComposition: 67% cotton, 28% polyamide, 5% elastane\nCare instructions: machine wash at 30 ° C'}]}",2022-01-27T17:36:57+00:00,2022-01-27T17:36:57+00:00,"{'PACK': {'products': [], 'product_models': [], 'groups': []}, 'SUBSTITUTION': {'products': [], 'product_models': [], 'groups': []}, 'UPSELL': {'products': [], 'product_models': [], 'groups': []}, 'X_SELL': {'products': [], 'product_models': [], 'groups': []}}",{}
galesh,shoes,shoes_size,,"['master_men_shoes', 'print_shoes', 'supplier_abibas']","{'supplier': [{'locale': None, 'scope': None, 'data': 'abibas'}], 'collection': [{'locale': None, 'scope': None, 'data': ['summer_2016']}], 'price': [{'locale': None, 'scope': None, 'data': [{'amount': '144.00', 'currency': 'EUR'}]}], 'name': [{'locale': None, 'scope': None, 'data': 'galesh'}], 'erp_name': [{'locale': 'en_US', 'scope': None, 'data': 'Galesh shoe'}]}",2022-01-27T17:36:57+00:00,2022-01-27T17:36:57+00:00,"{'PACK': {'products': [], 'product_models': [], 'groups': []}, 'SUBSTITUTION': {'products': [], 'product_models': [], 'groups': []}, 'UPSELL': {'products': [], 'product_models': [], 'groups': []}, 'X_SELL': {'products': [], 'product_models': [], 'groups': []}}",{}
hades,clothing,clothing_color_size,,"['master_men_pants_jeans', 'print_clothing', 'supplier_zaro']","{'supplier': [{'locale': None, 'scope': None, 'data': 'zaro'}], 'wash_temperature': [{'locale': None, 'scope': None, 'data': '600'}], 'collection': [{'locale': None, 'scope': None, 'data': ['autumn_2016']}], 'price': [{'locale': None, 'scope': None, 'data': [{'amount': '699.00', 'currency': 'EUR'}]}], 'name': [{'locale': None, 'scope': None, 'data': 'Elegant slim long sleeve shirt'}], 'erp_name': [{'locale': 'en_US', 'scope': None, 'data': 'Hades'}], 'description': [{'locale': 'en_US', 'scope': 'ecommerce', 'data': 'Elegant slim long sleeve shirt white with button-down collar and breast pocket. 65% polyester, 35% cotton. Machine washable.'}]}",2022-01-27T17:36:57+00:00,2022-01-27T17:36:57+00:00,"{'PACK': {'products': [], 'product_models': [], 'groups': []}, 'SUBSTITUTION': {'products': [], 'product_models': [], 'groups': []}, 'UPSELL': {'products': [], 'product_models': [], 'groups': []}, 'X_SELL': {'products': [], 'product_models': [], 'groups': []}}",{}
hefaistos,clothing,clothing_colorsize,,"['master_men_pants_shorts', 'supplier_mongo']","{'supplier': [{'locale': None, 'scope': None, 'data': 'mongo'}], 'wash_temperature': [{'locale': None, 'scope': None, 'data': '600'}], 'collection': [{'locale': None, 'scope': None, 'data': ['summer_2017']}], 'price': [{'locale': None, 'scope': None, 'data': [{'amount': '499.00', 'currency': 'EUR'}]}], 'name': [{'locale': None, 'scope': None, 'data': 'Jacket and trousers'}], 'erp_name': [{'locale': 'en_US', 'scope': None, 'data': 'Hefaistos'}], 'description': [{'locale': 'en_US', 'scope': 'ecommerce', 'data': 'Jacket and trousers: 39% polyester, 37% acrylic, 15% wool, 7% nylon, 1% cotton, 1% viscose. Dry clean only.'}]}",2022-01-27T17:36:57+00:00,2022-01-27T17:36:57+00:00,"{'PACK': {'products': [], 'product_models': [], 'groups': []}, 'SUBSTITUTION': {'products': [], 'product_models': [], 'groups': []}, 'UPSELL': {'products': [], 'product_models': [], 'groups': []}, 'X_SELL': {'products': [], 'product_models': [], 'groups': []}}",{}
hera,clothing,clothing_colorsize,,"['master_women_shirts', 'print_clothing', 'supplier_mongo']","{'supplier': [{'locale': None, 'scope': None, 'data': 'mongo'}], 'wash_temperature': [{'locale': None, 'scope': None, 'data': '400'}], 'collection': [{'locale': None, 'scope': None, 'data': ['summer_2016']}], 'price': [{'locale': None, 'scope': None, 'data': [{'amount': '699.00', 'currency': 'EUR'}]}], 'name': [{'locale': None, 'scope': None, 'data': 'hera'}], 'erp_name': [{'locale': 'en_US', 'scope': None, 'data': 'Hera'}], 'description': [{'locale': 'en_US', 'scope': 'ecommerce', 'data': 'Relaxed with a classic or dynamic piece with an extravagant accessory: white blouse with it the Mexx brand, your look will be 100% successful!\n\nLength: normal\nCut: bent\nBack width: 46 cm\nModel: 178 cm\nOccasion: Business\nPattern / Color: Solid colors\nTotal length: 67 cm in size 36\nCol: flared neck\nSleeve length: 63 cm in size 36\nSleeve type: Long Sleeve\nComposition: 67% cotton, 28% polyamide, 5% elastane\nCare instructions: machine wash at 30 ° C'}]}",2022-01-27T17:36:57+00:00,2022-01-27T17:36:57+00:00,"{'PACK': {'products': [], 'product_models': [], 'groups': []}, 'SUBSTITUTION': {'products': [], 'product_models': [], 'groups': []}, 'UPSELL': {'products': [], 'product_models': [], 'groups': []}, 'X_SELL': {'products': [], 'product_models': [], 'groups': []}}",{}
hermes,clothing,clothing_colorsize,,"['master_men_blazers', 'supplier_mongo']","{'supplier': [{'locale': None, 'scope': None, 'data': 'mongo'}], 'wash_temperature': [{'locale': None, 'scope': None, 'data': '800'}], 'collection': [{'locale': None, 'scope': None, 'data': ['summer_2016']}], 'price': [{'locale': None, 'scope': None, 'data': [{'amount': '799.00', 'currency': 'EUR'}]}], 'name': [{'locale': None, 'scope': None, 'data': 'Suit Jacket Heritage multicolored'}], 'erp_name': [{'locale': 'en_US', 'scope': None, 'data': 'Hermes'}], 'description': [{'locale': 'en_US', 'scope': 'ecommerce', 'data': 'Suit Jacket Heritage multicolored checkered Prince of Wales with single breasted 2 button and skinny pants to match.'}]}",2022-01-27T17:36:57+00:00,2022-01-27T17:36:57+00:00,"{'PACK': {'products': [], 'product_models': [], 'groups': []}, 'SUBSTITUTION': {'products': [], 'product_models': [], 'groups': []}, 'UPSELL': {'products': [], 'product_models': [], 'groups': []}, 'X_SELL': {'products': [], 'product_models': [], 'groups': []}}",{}
hestia,clothing,clothing_colorsize,,"['master_women_blouses_deals', 'supplier_zaro']","{'supplier': [{'locale': None, 'scope': None, 'data': 'zaro'}], 'wash_temperature': [{'locale': None, 'scope': None, 'data': '700'}], 'collection': [{'locale': None, 'scope': None, 'data': ['winter_2016']}], 'price': [{'locale': None, 'scope': None, 'data': [{'amount': '499.00', 'currency': 'EUR'}]}], 'name': [{'locale': None, 'scope': None, 'data': 'hestia'}], 'erp_name': [{'locale': 'en_US', 'scope': None, 'data': 'Hestia'}], 'description': [{'locale': 'en_US', 'scope': 'ecommerce', 'data': 'Model: Model is 180 cm tall and wears a size 36'}]}",2022-01-27T17:36:57+00:00,2022-01-27T17:36:57+00:00,"{'PACK': {'products': [], 'product_models': [], 'groups': []}, 'SUBSTITUTION': {'products': [], 'product_models': [], 'groups': []}, 'UPSELL': {'products': [], 'product_models': [], 'groups': []}, 'X_SELL': {'products': [], 'product_models': [], 'groups': []}}",{}
jack,clothing,clothing_color_size,,['tshirts'],"{'collection': [{'locale': None, 'scope': None, 'data': ['summer_2017']}], 'name': [{'locale': None, 'scope': None, 'data': 'jack'}], 'erp_name': [{'locale': 'en_US', 'scope': None, 'data': 'Jack'}]}",2022-01-27T17:36:57+00:00,2022-01-27T17:36:57+00:00,"{'PACK': {'products': [], 'product_models': [], 'groups': []}, 'SUBSTITUTION': {'products': [], 'product_models': [], 'groups': []}, 'UPSELL': {'products': [], 'product_models': [], 'groups': []}, 'X_SELL': {'products': [], 'product_models': [], 'groups': []}}",{}
jellyshoes,shoes,shoes_size,,"['master_women_shoes', 'supplier_abibas']","{'supplier': [{'locale': None, 'scope': None, 'data': 'abibas'}], 'collection': [{'locale': None, 'scope': None, 'data': ['winter_2016']}], 'price': [{'locale': None, 'scope': None, 'data': [{'amount': '176.00', 'currency': 'EUR'}]}], 'name': [{'locale': None, 'scope': None, 'data': 'jellyshoes'}], 'erp_name': [{'locale': 'en_US', 'scope': None, 'data': 'Jelly shoe'}]}",2022-01-27T17:36:57+00:00,2022-01-27T17:36:57+00:00,"{'PACK': {'products': [], 'product_models': [], 'groups': []}, 'SUBSTITUTION': {'products': [], 'product_models': [], 'groups': []}, 'UPSELL': {'products': [], 'product_models': [], 'groups': []}, 'X_SELL': {'products': [], 'product_models': [], 'groups': []}}",{}
apollon,clothing,clothing_color_size,,"['master_men_blazers_deals', 'supplier_zaro']","{'supplier': [{'locale': None, 'scope': None, 'data': 'zaro'}], 'wash_temperature': [{'locale': None, 'scope': None, 'data': '600'}], 'collection': [{'locale': None, 'scope': None, 'data': ['winter_2016']}], 'price': [{'locale': None, 'scope': None, 'data': [{'amount': '899.00', 'currency': 'EUR'}]}], 'image': [{'locale': None, 'scope': None, 'data': 'c/e/5/3/ce531b5e95eb7e375c27fb33de2db2768380534a_apollon.jpg', '_links': {'download': {'href': 'http://localhost:8080/api/rest/v1/media-files/c/e/5/3/ce531b5e95eb7e375c27fb33de2db2768380534a_apollon.jpg/download'}}}], 'name': [{'locale': None, 'scope': None, 'data': 'Long gray suit jacket and matching pants unstructured'}], 'erp_name': [{'locale': 'en_US', 'scope': None, 'data': 'Apollon'}], 'description': [{'locale': 'en_US', 'scope': 'ecommerce', 'data': 'Long gray suit jacket and matching pants unstructured. 61% wool, 30% polyester, 9% ramie. Dry clean only.'}]}",2022-01-27T17:36:57+00:00,2022-01-27T17:36:57+00:00,"{'PACK': {'products': [], 'product_models': [], 'groups': []}, 'SUBSTITUTION': {'products': [], 'product_models': [], 'groups': []}, 'UPSELL': {'products': [], 'product_models': [], 'groups': []}, 'X_SELL': {'products': [], 'product_models': [], 'groups': []}}",{}
juno,clothing,clothing_colorsize,,"['master_women_blouses_deals', 'print_clothing', 'supplier_zaro']","{'supplier': [{'locale': None, 'scope': None, 'data': 'zaro'}], 'wash_temperature': [{'locale': None, 'scope': None, 'data': '600'}], 'collection': [{'locale': None, 'scope': None, 'data': ['spring_2015']}], 'price': [{'locale': None, 'scope': None, 'data': [{'amount': '349.00', 'currency': 'EUR'}]}], 'name': [{'locale': None, 'scope': None, 'data': 'juno'}], 'erp_name': [{'locale': 'en_US', 'scope': None, 'data': 'Juno'}], 'description': [{'locale': 'en_US', 'scope': 'ecommerce', 'data': 'Back width: 40 cm in size 36\nModel: Model is 180 cm tall and wears a size 36\nCervical Shape: V-Neck\nPattern / Color: Solid colors\nTotal length: 45 cm in size 36\nTransparency: light\nHandle Type: Sleeveless\nComposition: 100% polyester\nCare instructions: machine wash at 40 ° C, do not put in dryer, washing delicates'}]}",2022-01-27T17:36:57+00:00,2022-01-27T17:36:57+00:00,"{'PACK': {'products': [], 'product_models': [], 'groups': []}, 'SUBSTITUTION': {'products': [], 'product_models': [], 'groups': []}, 'UPSELL': {'products': [], 'product_models': [], 'groups': []}, 'X_SELL': {'products': [], 'product_models': [], 'groups': []}}",{}
minerva,clothing,clothing_color_size,,"['master_women_shirts', 'supplier_mongo']","{'supplier': [{'locale': None, 'scope': None, 'data': 'mongo'}], 'wash_temperature': [{'locale': None, 'scope': None, 'data': '600'}], 'collection': [{'locale': None, 'scope': None, 'data': ['spring_2016']}], 'price': [{'locale': None, 'scope': None, 'data': [{'amount': '799.00', 'currency': 'EUR'}]}], 'name': [{'locale': None, 'scope': None, 'data': 'minerva'}], 'erp_name': [{'locale': 'en_US', 'scope': None, 'data': 'Minerva'}], 'description': [{'locale': 'en_US', 'scope': 'ecommerce', 'data': 'Relaxed with a classic or dynamic piece with an extravagant accessory: white blouse with it the Mexx brand, your look will be 100% successful!\n\nLength: normal\nCut: bent\nBack width: 46 cm\nModel: 178 cm\nOccasion: Business\nPattern / Color: Solid colors\nTotal length: 67 cm in size 36\nCol: flared neck\nSleeve length: 63 cm in size 36\nSleeve type: Long Sleeve\nComposition: 67% cotton, 28% polyamide, 5% elastane\nCare instructions: machine wash at 30 ° C'}]}",2022-01-27T17:36:57+00:00,2022-01-27T17:36:57+00:00,"{'PACK': {'products': [], 'product_models': [], 'groups': []}, 'SUBSTITUTION': {'products': [], 'product_models': [], 'groups': []}, 'UPSELL': {'products': [], 'product_models': [], 'groups': []}, 'X_SELL': {'products': [], 'product_models': [], 'groups': []}}",{}
moccasin,shoes,shoes_size,,"['master_men_shoes', 'print_shoes', 'supplier_abibas']","{'supplier': [{'locale': None, 'scope': None, 'data': 'abibas'}], 'collection': [{'locale': None, 'scope': None, 'data': ['spring_2015']}], 'price': [{'locale': None, 'scope': None, 'data': [{'amount': '322.00', 'currency': 'EUR'}]}], 'name': [{'locale': None, 'scope': None, 'data': 'moccasin'}], 'erp_name': [{'locale': 'en_US', 'scope': None, 'data': 'Moccasin'}]}",2022-01-27T17:36:57+00:00,2022-01-27T17:36:57+00:00,"{'PACK': {'products': [], 'product_models': [], 'groups': []}, 'SUBSTITUTION': {'products': [], 'product_models': [], 'groups': []}, 'UPSELL': {'products': [], 'product_models': [], 'groups': []}, 'X_SELL': {'products': [], 'product_models': [], 'groups': []}}",{}
plain,clothing,clothing_color_size,,['tshirts'],"{'collection': [{'locale': None, 'scope': None, 'data': ['summer_2017']}], 'name': [{'locale': None, 'scope': None, 'data': 'plain'}], 'erp_name': [{'locale': 'en_US', 'scope': None, 'data': 'Plain'}]}",2022-01-27T17:36:57+00:00,2022-01-27T17:36:57+00:00,"{'PACK': {'products': [], 'product_models': [], 'groups': []}, 'SUBSTITUTION': {'products': [], 'product_models': [], 'groups': []}, 'UPSELL': {'products': [], 'product_models': [], 'groups': []}, 'X_SELL': {'products': [], 'product_models': [], 'groups': []}}",{}
portunus,clothing,clothing_colorsize,,"['master_men_pants_shorts', 'print_clothing', 'supplier_zaro']","{'supplier': [{'locale': None, 'scope': None, 'data': 'zaro'}], 'wash_temperature': [{'locale': None, 'scope': None, 'data': '400'}], 'collection': [{'locale': None, 'scope': None, 'data': ['autumn_2016']}], 'price': [{'locale': None, 'scope': None, 'data': [{'amount': '599.00', 'currency': 'EUR'}]}], 'name': [{'locale': None, 'scope': None, 'data': 'Black shorts with pattern Christmas Santa tattoo'}], 'erp_name': [{'locale': 'en_US', 'scope': None, 'data': 'Portunus'}], 'description': [{'locale': 'en_US', 'scope': 'ecommerce', 'data': 'Black shorts with pattern Christmas Santa tattoo. 100% cotton. Machine washable.'}]}",2022-01-27T17:36:57+00:00,2022-01-27T17:36:57+00:00,"{'PACK': {'products': [], 'product_models': [], 'groups': []}, 'SUBSTITUTION': {'products': [], 'product_models': [], 'groups': []}, 'UPSELL': {'products': [], 'product_models': [], 'groups': []}, 'X_SELL': {'products': [], 'product_models': [], 'groups': []}}",{}
poseidon,clothing,clothing_colorsize,,"['master_men_pants_jeans', 'print_clothing', 'supplier_zaro']","{'supplier': [{'locale': None, 'scope': None, 'data': 'zaro'}], 'wash_temperature': [{'locale': None, 'scope': None, 'data': 'hand'}], 'collection': [{'locale': None, 'scope': None, 'data': ['summer_2017']}], 'price': [{'locale': None, 'scope': None, 'data': [{'amount': '699.00', 'currency': 'EUR'}]}], 'name': [{'locale': None, 'scope': None, 'data': 'Vintage skinny jeans'}], 'erp_name': [{'locale': 'en_US', 'scope': None, 'data': 'Poseidon'}], 'description': [{'locale': 'en_US', 'scope': 'ecommerce', 'data': 'Vintage skinny jeans is part of the collection Topman long time. Second pair of denim collection with 13 oz edge and raw edges, this style is totally unique with its coated blue color. 100% cotton. Machine washable.'}]}",2022-01-27T17:36:57+00:00,2022-01-27T17:36:57+00:00,"{'PACK': {'products': [], 'product_models': [], 'groups': []}, 'SUBSTITUTION': {'products': [], 'product_models': [], 'groups': []}, 'UPSELL': {'products': [], 'product_models': [], 'groups': []}, 'X_SELL': {'products': [], 'product_models': [], 'groups': []}}",{}
quirinus,clothing,clothing_colorsize,,"['master_men_pants_shorts', 'supplier_mongo']","{'supplier': [{'locale': None, 'scope': None, 'data': 'mongo'}], 'wash_temperature': [{'locale': None, 'scope': None, 'data': 'hand'}], 'collection': [{'locale': None, 'scope': None, 'data': ['summer_2016']}], 'price': [{'locale': None, 'scope': None, 'data': [{'amount': '499.00', 'currency': 'EUR'}]}], 'name': [{'locale': None, 'scope': None, 'data': 'quirinus'}], 'erp_name': [{'locale': 'en_US', 'scope': None, 'data': 'Quirinus'}], 'description': [{'locale': 'en_US', 'scope': 'ecommerce', 'data': 'Black shorts with pattern Christmas Santa tattoo. 100% cotton. Machine washable.'}]}",2022-01-27T17:36:57+00:00,2022-01-27T17:36:57+00:00,"{'PACK': {'products': [], 'product_models': [], 'groups': []}, 'SUBSTITUTION': {'products': [], 'product_models': [], 'groups': []}, 'UPSELL': {'products': [], 'product_models': [], 'groups': []}, 'X_SELL': {'products': [], 'product_models': [], 'groups': []}}",{}
samtv,led_tvs,tv,,['led_tvs'],"{'name': [{'locale': None, 'scope': None, 'data': 'TV SAMSUNG'}], 'description': [{'locale': 'en_US', 'scope': 'ecommerce', 'data': 'TV SAMSUNG'}]}",2022-01-27T17:36:57+00:00,2022-01-27T17:36:57+00:00,"{'PACK': {'products': [], 'product_models': [], 'groups': []}, 'SUBSTITUTION': {'products': [], 'product_models': [], 'groups': []}, 'UPSELL': {'products': [], 'product_models': [], 'groups': []}, 'X_SELL': {'products': [], 'product_models': [], 'groups': []}}",{}
securitas,clothing,clothing_colorsize,,"['master_women_shirts', 'print_clothing', 'supplier_zaro']","{'supplier': [{'locale': None, 'scope': None, 'data': 'zaro'}], 'wash_temperature': [{'locale': None, 'scope': None, 'data': '800'}], 'collection': [{'locale': None, 'scope': None, 'data': ['summer_2016']}], 'price': [{'locale': None, 'scope': None, 'data': [{'amount': '799.00', 'currency': 'EUR'}]}], 'name': [{'locale': None, 'scope': None, 'data': 'securitas'}], 'erp_name': [{'locale': 'en_US', 'scope': None, 'data': 'Securitas'}], 'description': [{'locale': 'en_US', 'scope': 'ecommerce', 'data': 'Length: normal\nFit: Normal\nMaterial: Denim\nBack width: 47 cm\nModel: 186 cm\nOccasion: relax\nTotal length: 73 cm in size M\nCollar: button down collar\nSleeve length: 66 cm in size M\nSleeve type: Long Sleeve\nComposition: 100% cotton\nCare instructions: machine wash at 30 ° C'}]}",2022-01-27T17:36:57+00:00,2022-01-27T17:36:57+00:00,"{'PACK': {'products': [], 'product_models': [], 'groups': []}, 'SUBSTITUTION': {'products': [], 'product_models': [], 'groups': []}, 'UPSELL': {'products': [], 'product_models': [], 'groups': []}, 'X_SELL': {'products': [], 'product_models': [], 'groups': []}}",{}
stilleto,shoes,shoes_size,,"['master_women_shoes', 'supplier_abibas']","{'supplier': [{'locale': None, 'scope': None, 'data': 'abibas'}], 'collection': [{'locale': None, 'scope': None, 'data': ['spring_2016']}], 'price': [{'locale': None, 'scope': None, 'data': [{'amount': '123.00', 'currency': 'EUR'}]}], 'image': [{'locale': None, 'scope': None, 'data': 'd/7/e/9/d7e9ba3ebafc073d0a80df601b5780fba6918f19_stilleto.jpg', '_links': {'download': {'href': 'http://localhost:8080/api/rest/v1/media-files/d/7/e/9/d7e9ba3ebafc073d0a80df601b5780fba6918f19_stilleto.jpg/download'}}}], 'name': [{'locale': None, 'scope': None, 'data': 'stilleto'}], 'erp_name': [{'locale': 'en_US', 'scope': None, 'data': 'Stiletto'}]}",2022-01-27T17:36:57+00:00,2022-01-27T17:36:57+00:00,"{'PACK': {'products': [], 'product_models': [], 'groups': []}, 'SUBSTITUTION': {'products': [], 'product_models': [], 'groups': []}, 'UPSELL': {'products': [], 'product_models': [], 'groups': []}, 'X_SELL': {'products': [], 'product_models': [], 'groups': []}}",{}
ares,clothing,clothing_color_size,,"['master_men_blazers_deals', 'print_clothing', 'supplier_mongo']","{'supplier': [{'locale': None, 'scope': None, 'data': 'mongo'}], 'wash_temperature': [{'locale': None, 'scope': None, 'data': '600'}], 'collection': [{'locale': None, 'scope': None, 'data': ['spring_2015']}], 'price': [{'locale': None, 'scope': None, 'data': [{'amount': '1099.00', 'currency': 'EUR'}]}], 'name': [{'locale': None, 'scope': None, 'data': 'Blazer wool mixed with sand print foot hen'}], 'erp_name': [{'locale': 'en_US', 'scope': None, 'data': 'Ares'}], 'description': [{'locale': 'en_US', 'scope': 'ecommerce', 'data': ""Blazer wool mixed with sand print foot hen, single breasted with two buttons, patch pockets and contrasting lapel collar, model 'Vienna'. Das Model 185 cm groß ist und trägt Größe 40 (DE Größe 50 - 101cm Brustumfang) 60% wool, 30% polyester, 10% cotton. Machine washable.""}]}",2022-01-27T17:36:57+00:00,2022-01-27T17:36:57+00:00,"{'PACK': {'products': [], 'product_models': [], 'groups': []}, 'SUBSTITUTION': {'products': [], 'product_models': [], 'groups': []}, 'UPSELL': {'products': [], 'product_models': [], 'groups': []}, 'X_SELL': {'products': [], 'product_models': [], 'groups': []}}",{}
stock,shoes,shoes_size,,['master_women_shoes'],"{'color': [{'locale': None, 'scope': None, 'data': 'red'}], 'collection': [{'locale': None, 'scope': None, 'data': ['summer_2017']}], 'name': [{'locale': None, 'scope': None, 'data': 'stock'}], 'erp_name': [{'locale': 'en_US', 'scope': None, 'data': 'Stock'}], 'variation_name': [{'locale': 'en_US', 'scope': None, 'data': 'Stock'}]}",2022-01-27T17:36:57+00:00,2022-01-27T17:36:57+00:00,"{'PACK': {'products': [], 'product_models': [], 'groups': []}, 'SUBSTITUTION': {'products': [], 'product_models': [], 'groups': []}, 'UPSELL': {'products': [], 'product_models': [], 'groups': []}, 'X_SELL': {'products': [], 'product_models': [], 'groups': []}}",{}
terminus,clothing,clothing_colorsize,,"['master_men_pants_shorts', 'supplier_zaro']","{'supplier': [{'locale': None, 'scope': None, 'data': 'zaro'}], 'wash_temperature': [{'locale': None, 'scope': None, 'data': '700'}], 'collection': [{'locale': None, 'scope': None, 'data': ['winter_2016']}], 'price': [{'locale': None, 'scope': None, 'data': [{'amount': '499.00', 'currency': 'EUR'}]}], 'image': [{'locale': None, 'scope': None, 'data': '5/b/3/a/5b3a658bacefe45d84498f09f79e2b81e419c567_terminus.jpg', '_links': {'download': {'href': 'http://localhost:8080/api/rest/v1/media-files/5/b/3/a/5b3a658bacefe45d84498f09f79e2b81e419c567_terminus.jpg/download'}}}], 'name': [{'locale': None, 'scope': None, 'data': 'terminus'}], 'erp_name': [{'locale': 'en_US', 'scope': None, 'data': 'Terminus'}], 'description': [{'locale': 'en_US', 'scope': 'ecommerce', 'data': 'Short chino solid light yellow. 100% cotton. Machine washable.'}]}",2022-01-27T17:36:57+00:00,2022-01-27T17:36:57+00:00,"{'PACK': {'products': [], 'product_models': [], 'groups': []}, 'SUBSTITUTION': {'products': [], 'product_models': [], 'groups': []}, 'UPSELL': {'products': [], 'product_models': [], 'groups': []}, 'X_SELL': {'products': [], 'product_models': [], 'groups': []}}",{}
venus,clothing,clothing_colorsize,,"['master_women_dresses', 'supplier_zaro']","{'supplier': [{'locale': None, 'scope': None, 'data': 'zaro'}], 'wash_temperature': [{'locale': None, 'scope': None, 'data': '600'}], 'collection': [{'locale': None, 'scope': None, 'data': ['spring_2015']}], 'price': [{'locale': None, 'scope': None, 'data': [{'amount': '149.00', 'currency': 'EUR'}]}], 'name': [{'locale': None, 'scope': None, 'data': 'venus'}], 'erp_name': [{'locale': 'en_US', 'scope': None, 'data': 'Venus'}], 'description': [{'locale': 'en_US', 'scope': 'ecommerce', 'data': 'Length: noon\nCup: close to the body\nModel: Model is 175 cm tall and wears a size 36\nCervical shape: round neck\nOccasion: festive evening\nTotal length: 99 cm in size 36\nDetails: zipper\nComposition: 75% viscose, 22% nylon, 3% elastane\nCare instructions: do not tumble dry machine, hand wash'}]}",2022-01-27T17:36:57+00:00,2022-01-27T17:36:57+00:00,"{'PACK': {'products': [], 'product_models': [], 'groups': []}, 'SUBSTITUTION': {'products': [], 'product_models': [], 'groups': []}, 'UPSELL': {'products': [], 'product_models': [], 'groups': []}, 'X_SELL': {'products': [], 'product_models': [], 'groups': []}}",{}
vulcanus,clothing,clothing_colorsize,,"['master_men_pants_shorts', 'print_clothing', 'supplier_zaro']","{'supplier': [{'locale': None, 'scope': None, 'data': 'zaro'}], 'wash_temperature': [{'locale': None, 'scope': None, 'data': '600'}], 'collection': [{'locale': None, 'scope': None, 'data': ['spring_2016']}], 'price': [{'locale': None, 'scope': None, 'data': [{'amount': '499.00', 'currency': 'EUR'}]}], 'name': [{'locale': None, 'scope': None, 'data': 'vulcanus'}], 'erp_name': [{'locale': 'en_US', 'scope': None, 'data': 'Vulcanus'}], 'description': [{'locale': 'en_US', 'scope': 'ecommerce', 'data': 'Black shorts with Christmas mistletoe pattern. 100% cotton. Machine washable.'}]}",2022-01-27T17:36:57+00:00,2022-01-27T17:36:57+00:00,"{'PACK': {'products': [], 'product_models': [], 'groups': []}, 'SUBSTITUTION': {'products': [], 'product_models': [], 'groups': []}, 'UPSELL': {'products': [], 'product_models': [], 'groups': []}, 'X_SELL': {'products': [], 'product_models': [], 'groups': []}}",{}
zeus,clothing,clothing_colorsize,,"['master_men_pants_jeans', 'supplier_zaro']","{'supplier': [{'locale': None, 'scope': None, 'data': 'zaro'}], 'wash_temperature': [{'locale': None, 'scope': None, 'data': '400'}], 'collection': [{'locale': None, 'scope': None, 'data': ['autumn_2016']}], 'price': [{'locale': None, 'scope': None, 'data': [{'amount': '1290.00', 'currency': 'EUR'}]}], 'name': [{'locale': None, 'scope': None, 'data': 'zeus'}], 'erp_name': [{'locale': 'en_US', 'scope': None, 'data': 'Zeus'}], 'description': [{'locale': 'en_US', 'scope': 'ecommerce', 'data': 'Poplin shirts are easy to iron and do not wrinkle. A must-have for any wardrobe that respects the Ellington section has a hidden button collar and a fitted and stylish look. 100% cotton. * Returns this article are made only by post. This item can only be returned in store.'}]}",2022-01-27T17:36:57+00:00,2022-01-27T17:36:57+00:00,"{'PACK': {'products': [], 'product_models': [], 'groups': []}, 'SUBSTITUTION': {'products': [], 'product_models': [], 'groups': []}, 'UPSELL': {'products': [], 'product_models': [], 'groups': []}, 'X_SELL': {'products': [], 'product_models': [], 'groups': []}}",{}
model-biker-jacket,clothing,clothing_material_size,,['master_men_blazers'],"{'collection': [{'locale': None, 'scope': None, 'data': ['summer_2017']}], 'name': [{'locale': None, 'scope': None, 'data': 'Biker jacket'}], 'description': [{'locale': 'en_US', 'scope': 'ecommerce', 'data': 'Biker jacket'}]}",2022-01-27T17:36:57+00:00,2022-01-27T17:36:57+00:00,"{'PACK': {'products': [], 'product_models': [], 'groups': []}, 'SUBSTITUTION': {'products': [], 'product_models': [], 'groups': []}, 'UPSELL': {'products': [], 'product_models': [], 'groups': []}, 'X_SELL': {'products': [], 'product_models': [], 'groups': []}}",{}
model-braided-hat,accessories,accessories_size,,['master_accessories_hats'],"{'color': [{'locale': None, 'scope': None, 'data': 'grey'}], 'material': [{'locale': None, 'scope': None, 'data': 'wool'}], 'collection': [{'locale': None, 'scope': None, 'data': ['summer_2017']}], 'image': [{'locale': None, 'scope': None, 'data': 'c/f/a/3/cfa378fe5d47a85fd95360560aaa38732fd4c74a_braided_hat.jpg', '_links': {'download': {'href': 'http://localhost:8080/api/rest/v1/media-files/c/f/a/3/cfa378fe5d47a85fd95360560aaa38732fd4c74a_braided_hat.jpg/download'}}}], 'name': [{'locale': None, 'scope': None, 'data': 'Braided hat '}], 'variation_name': [{'locale': 'en_US', 'scope': None, 'data': 'Braided hat battleship grey'}], 'description': [{'locale': 'en_US', 'scope': 'ecommerce', 'data': 'Braided hat '}]}",2022-01-27T17:36:57+00:00,2022-01-27T17:36:57+00:00,"{'PACK': {'products': [], 'product_models': [], 'groups': []}, 'SUBSTITUTION': {'products': [], 'product_models': [], 'groups': []}, 'UPSELL': {'products': [], 'product_models': [], 'groups': []}, 'X_SELL': {'products': [], 'product_models': [], 'groups': []}}",{}
model-running-shoes,shoes,shoes_size_color,,['master_men_shoes'],"{'material': [{'locale': None, 'scope': None, 'data': 'leather'}], 'collection': [{'locale': None, 'scope': None, 'data': ['summer_2017']}], 'name': [{'locale': None, 'scope': None, 'data': 'Running shoes'}], 'description': [{'locale': 'en_US', 'scope': 'ecommerce', 'data': 'Running shoes'}]}",2022-01-27T17:36:57+00:00,2022-01-27T17:36:57+00:00,"{'PACK': {'products': [], 'product_models': [], 'groups': []}, 'SUBSTITUTION': {'products': [], 'product_models': [], 'groups': []}, 'UPSELL': {'products': [], 'product_models': [], 'groups': []}, 'X_SELL': {'products': [], 'product_models': [], 'groups': []}}",{}
model-tshirt-divided,clothing,clothing_color_size,,['tshirts'],"{'supplier': [{'locale': None, 'scope': None, 'data': 'zaro'}], 'wash_temperature': [{'locale': None, 'scope': None, 'data': '400'}], 'brand': [{'locale': None, 'scope': None, 'data': 'akeneo'}], 'collection': [{'locale': None, 'scope': None, 'data': ['summer_2017']}], 'price': [{'locale': None, 'scope': None, 'data': [{'amount': '19.00', 'currency': 'EUR'}, {'amount': '19.00', 'currency': 'USD'}]}], 'image': [{'locale': None, 'scope': None, 'data': '5/1/c/6/51c653120f7b3045b7e19f8a64c92c78fcbfb662_red.png', '_links': {'download': {'href': 'http://localhost:8080/api/rest/v1/media-files/5/1/c/6/51c653120f7b3045b7e19f8a64c92c78fcbfb662_red.png/download'}}}], 'name': [{'locale': None, 'scope': None, 'data': 'Cotton t-shirt with a round neck Divided'}], 'erp_name': [{'locale': 'en_US', 'scope': None, 'data': 'T-shirt DIVIDED'}], 'meta_title': [{'locale': 'en_US', 'scope': None, 'data': 'Cotton t-shirt with a round neck Divided'}], 'description': [{'locale': 'en_US', 'scope': 'ecommerce', 'data': 'Divided slim T-shirt with a round neck'}], 'care_instructions': [{'locale': None, 'scope': None, 'data': 'Machine wash 40°'}]}",2022-01-27T17:36:57+00:00,2022-01-27T17:36:57+00:00,"{'PACK': {'products': [], 'product_models': [], 'groups': []}, 'SUBSTITUTION': {'products': [], 'product_models': [], 'groups': []}, 'UPSELL': {'products': [], 'product_models': [], 'groups': []}, 'X_SELL': {'products': [], 'product_models': [], 'groups': []}}",{}
model-tshirt-unique-color-kurt,clothing,clothing_size,,['tshirts'],"{'color': [{'locale': None, 'scope': None, 'data': 'red'}], 'material': [{'locale': None, 'scope': None, 'data': 'cotton'}], 'collection': [{'locale': None, 'scope': None, 'data': ['summer_2017']}], 'name': [{'locale': None, 'scope': None, 'data': 'T-shirt with a Kurt Cobain print motif'}], 'description': [{'locale': 'en_US', 'scope': 'ecommerce', 'data': 'Divided slim T-shirt with 2 buttons in the honor of the legendary Kurt Cobain.'}]}",2022-01-27T17:36:57+00:00,2022-01-27T17:36:57+00:00,"{'PACK': {'products': [], 'product_models': [], 'groups': []}, 'SUBSTITUTION': {'products': [], 'product_models': [], 'groups': []}, 'UPSELL': {'products': [], 'product_models': [], 'groups': []}, 'X_SELL': {'products': [], 'product_models': [], 'groups': []}}",{}
artemis,clothing,clothing_color_size,,"['master_women_blouses', 'print_clothing', 'supplier_zaro']","{'supplier': [{'locale': None, 'scope': None, 'data': 'zaro'}], 'wash_temperature': [{'locale': None, 'scope': None, 'data': '400'}], 'collection': [{'locale': None, 'scope': None, 'data': ['spring_2016']}], 'price': [{'locale': None, 'scope': None, 'data': [{'amount': '499.00', 'currency': 'EUR'}]}], 'image': [{'locale': None, 'scope': None, 'data': '5/1/b/9/51b91fbc9207be1b646ec0d2afbcdbf3ae3b8420_artemis.jpg', '_links': {'download': {'href': 'http://localhost:8080/api/rest/v1/media-files/5/1/b/9/51b91fbc9207be1b646ec0d2afbcdbf3ae3b8420_artemis.jpg/download'}}}], 'name': [{'locale': None, 'scope': None, 'data': 'T-Shirt cotton round neck'}], 'erp_name': [{'locale': 'en_US', 'scope': None, 'data': 'Artemis'}], 'description': [{'locale': 'en_US', 'scope': 'ecommerce', 'data': 'T-Shirt cotton round neck, three quarter sleeves and neckline in the back.'}]}",2022-01-27T17:36:57+00:00,2022-01-27T17:36:57+00:00,"{'PACK': {'products': [], 'product_models': [], 'groups': []}, 'SUBSTITUTION': {'products': [], 'product_models': [], 'groups': []}, 'UPSELL': {'products': [], 'product_models': [], 'groups': []}, 'X_SELL': {'products': [], 'product_models': [], 'groups': []}}",{}
model-tshirt-unique-size,clothing,clothing_color,,['tshirts'],"{'material': [{'locale': None, 'scope': None, 'data': 'cotton'}], 'size': [{'locale': None, 'scope': None, 'data': 'u'}], 'collection': [{'locale': None, 'scope': None, 'data': ['summer_2017']}], 'image': [{'locale': None, 'scope': None, 'data': '7/e/3/a/7e3a8ba7c3e20e27acd89b343b832e59ad4e9918_unique_size.jpg', '_links': {'download': {'href': 'http://localhost:8080/api/rest/v1/media-files/7/e/3/a/7e3a8ba7c3e20e27acd89b343b832e59ad4e9918_unique_size.jpg/download'}}}], 'name': [{'locale': None, 'scope': None, 'data': 'T-shirt unique size'}], 'description': [{'locale': 'en_US', 'scope': 'ecommerce', 'data': 'Divided slim T-shirt with 2 buttons. Unique size.'}]}",2022-01-27T17:36:57+00:00,2022-01-27T17:36:57+00:00,"{'PACK': {'products': [], 'product_models': [], 'groups': []}, 'SUBSTITUTION': {'products': [], 'product_models': [], 'groups': []}, 'UPSELL': {'products': [], 'product_models': [], 'groups': []}, 'X_SELL': {'products': [], 'product_models': [], 'groups': []}}",{}
apollon_blue,clothing,clothing_color_size,apollon,"['master_men_blazers_deals', 'supplier_zaro']","{'supplier': [{'locale': None, 'scope': None, 'data': 'zaro'}], 'wash_temperature': [{'locale': None, 'scope': None, 'data': '600'}], 'color': [{'locale': None, 'scope': None, 'data': 'blue'}], 'collection': [{'locale': None, 'scope': None, 'data': ['winter_2016']}], 'price': [{'locale': None, 'scope': None, 'data': [{'amount': '899.00', 'currency': 'EUR'}]}], 'image': [{'locale': None, 'scope': None, 'data': 'c/e/5/3/ce531b5e95eb7e375c27fb33de2db2768380534a_apollon.jpg', '_links': {'download': {'href': 'http://localhost:8080/api/rest/v1/media-files/c/e/5/3/ce531b5e95eb7e375c27fb33de2db2768380534a_apollon.jpg/download'}}}], 'name': [{'locale': None, 'scope': None, 'data': 'Long gray suit jacket and matching pants unstructured'}], 'erp_name': [{'locale': 'en_US', 'scope': None, 'data': 'Apollon'}], 'variation_name': [{'locale': 'en_US', 'scope': None, 'data': 'Apollon blue'}], 'description': [{'locale': 'en_US', 'scope': 'ecommerce', 'data': 'Long gray suit jacket and matching pants unstructured. 61% wool, 30% polyester, 9% ramie. Dry clean only.'}]}",2022-01-27T17:37:01+00:00,2022-01-27T17:37:01+00:00,"{'PACK': {'products': [], 'product_models': [], 'groups': []}, 'SUBSTITUTION': {'products': [], 'product_models': [], 'groups': []}, 'UPSELL': {'products': [], 'product_models': [], 'groups': []}, 'X_SELL': {'products': [], 'product_models': [], 'groups': []}}",{}
apollon_pink,clothing,clothing_color_size,apollon,"['master_men_blazers_deals', 'supplier_zaro']","{'supplier': [{'locale': None, 'scope': None, 'data': 'zaro'}], 'wash_temperature': [{'locale': None, 'scope': None, 'data': '600'}], 'color': [{'locale': None, 'scope': None, 'data': 'pink'}], 'collection': [{'locale': None, 'scope': None, 'data': ['winter_2016']}], 'price': [{'locale': None, 'scope': None, 'data': [{'amount': '899.00', 'currency': 'EUR'}]}], 'image': [{'locale': None, 'scope': None, 'data': 'c/e/5/3/ce531b5e95eb7e375c27fb33de2db2768380534a_apollon.jpg', '_links': {'download': {'href': 'http://localhost:8080/api/rest/v1/media-files/c/e/5/3/ce531b5e95eb7e375c27fb33de2db2768380534a_apollon.jpg/download'}}}], 'name': [{'locale': None, 'scope': None, 'data': 'Long gray suit jacket and matching pants unstructured'}], 'erp_name': [{'locale': 'en_US', 'scope': None, 'data': 'Apollon'}], 'variation_name': [{'locale': 'en_US', 'scope': None, 'data': 'Apollon pink'}], 'description': [{'locale': 'en_US', 'scope': 'ecommerce', 'data': 'Long gray suit jacket and matching pants unstructured. 61% wool, 30% polyester, 9% ramie. Dry clean only.'}]}",2022-01-27T17:37:01+00:00,2022-01-27T17:37:01+00:00,"{'PACK': {'products': [], 'product_models': [], 'groups': []}, 'SUBSTITUTION': {'products': [], 'product_models': [], 'groups': []}, 'UPSELL': {'products': [], 'product_models': [], 'groups': []}, 'X_SELL': {'products': [], 'product_models': [], 'groups': []}}",{}
apollon_red,clothing,clothing_color_size,apollon,"['master_men_blazers_deals', 'supplier_zaro']","{'supplier': [{'locale': None, 'scope': None, 'data': 'zaro'}], 'wash_temperature': [{'locale': None, 'scope': None, 'data': '600'}], 'color': [{'locale': None, 'scope': None, 'data': 'red'}], 'collection': [{'locale': None, 'scope': None, 'data': ['winter_2016']}], 'price': [{'locale': None, 'scope': None, 'data': [{'amount': '899.00', 'currency': 'EUR'}]}], 'image': [{'locale': None, 'scope': None, 'data': 'c/e/5/3/ce531b5e95eb7e375c27fb33de2db2768380534a_apollon.jpg', '_links': {'download': {'href': 'http://localhost:8080/api/rest/v1/media-files/c/e/5/3/ce531b5e95eb7e375c27fb33de2db2768380534a_apollon.jpg/download'}}}], 'name': [{'locale': None, 'scope': None, 'data': 'Long gray suit jacket and matching pants unstructured'}], 'erp_name': [{'locale': 'en_US', 'scope': None, 'data': 'Apollon'}], 'variation_name': [{'locale': 'en_US', 'scope': None, 'data': 'Apollon red'}], 'description': [{'locale': 'en_US', 'scope': 'ecommerce', 'data': 'Long gray suit jacket and matching pants unstructured. 61% wool, 30% polyester, 9% ramie. Dry clean only.'}]}",2022-01-27T17:37:01+00:00,2022-01-27T17:37:01+00:00,"{'PACK': {'products': [], 'product_models': [], 'groups': []}, 'SUBSTITUTION': {'products': [], 'product_models': [], 'groups': []}, 'UPSELL': {'products': [], 'product_models': [], 'groups': []}, 'X_SELL': {'products': [], 'product_models': [], 'groups': []}}",{}
apollon_yellow,clothing,clothing_color_size,apollon,"['master_men_blazers_deals', 'supplier_zaro']","{'supplier': [{'locale': None, 'scope': None, 'data': 'zaro'}], 'wash_temperature': [{'locale': None, 'scope': None, 'data': '600'}], 'color': [{'locale': None, 'scope': None, 'data': 'yellow'}], 'collection': [{'locale': None, 'scope': None, 'data': ['winter_2016']}], 'price': [{'locale': None, 'scope': None, 'data': [{'amount': '899.00', 'currency': 'EUR'}]}], 'image': [{'locale': None, 'scope': None, 'data': 'c/e/5/3/ce531b5e95eb7e375c27fb33de2db2768380534a_apollon.jpg', '_links': {'download': {'href': 'http://localhost:8080/api/rest/v1/media-files/c/e/5/3/ce531b5e95eb7e375c27fb33de2db2768380534a_apollon.jpg/download'}}}], 'variation_image': [{'locale': None, 'scope': None, 'data': 'd/d/f/c/ddfc8bc78b8c1629934ba7a9574adacadc7ad82a_apollon.jpg', '_links': {'download': {'href': 'http://localhost:8080/api/rest/v1/media-files/d/d/f/c/ddfc8bc78b8c1629934ba7a9574adacadc7ad82a_apollon.jpg/download'}}}], 'name': [{'locale': None, 'scope': None, 'data': 'Long gray suit jacket and matching pants unstructured'}], 'erp_name': [{'locale': 'en_US', 'scope': None, 'data': 'Apollon'}], 'variation_name': [{'locale': 'en_US', 'scope': None, 'data': 'Apollon yellow'}], 'description': [{'locale': 'en_US', 'scope': 'ecommerce', 'data': 'Long gray suit jacket and matching pants unstructured. 61% wool, 30% polyester, 9% ramie. Dry clean only.'}]}",2022-01-27T17:37:01+00:00,2022-01-27T17:37:01+00:00,"{'PACK': {'products': [], 'product_models': [], 'groups': []}, 'SUBSTITUTION': {'products': [], 'product_models': [], 'groups': []}, 'UPSELL': {'products': [], 'product_models': [], 'groups': []}, 'X_SELL': {'products': [], 'product_models': [], 'groups': []}}",{}
ares_blue,clothing,clothing_color_size,ares,"['master_men_blazers_deals', 'print_clothing', 'supplier_mongo']","{'supplier': [{'locale': None, 'scope': None, 'data': 'mongo'}], 'wash_temperature': [{'locale': None, 'scope': None, 'data': '600'}], 'color': [{'locale': None, 'scope': None, 'data': 'blue'}], 'collection': [{'locale': None, 'scope': None, 'data': ['spring_2015']}], 'price': [{'locale': None, 'scope': None, 'data': [{'amount': '1099.00', 'currency': 'EUR'}]}], 'name': [{'locale': None, 'scope': None, 'data': 'Blazer wool mixed with sand print foot hen'}], 'erp_name': [{'locale': 'en_US', 'scope': None, 'data': 'Ares'}], 'variation_name': [{'locale': 'en_US', 'scope': None, 'data': 'Ares blue'}], 'description': [{'locale': 'en_US', 'scope': 'ecommerce', 'data': ""Blazer wool mixed with sand print foot hen, single breasted with two buttons, patch pockets and contrasting lapel collar, model 'Vienna'. Das Model 185 cm groß ist und trägt Größe 40 (DE Größe 50 - 101cm Brustumfang) 60% wool, 30% polyester, 10% cotton. Machine washable.""}]}",2022-01-27T17:37:01+00:00,2022-01-27T17:37:01+00:00,"{'PACK': {'products': [], 'product_models': [], 'groups': []}, 'SUBSTITUTION': {'products': [], 'product_models': [], 'groups': []}, 'UPSELL': {'products': [], 'product_models': [], 'groups': []}, 'X_SELL': {'products': [], 'product_models': [], 'groups': []}}",{}
ares_pink,clothing,clothing_color_size,ares,"['master_men_blazers_deals', 'print_clothing', 'supplier_mongo']","{'supplier': [{'locale': None, 'scope': None, 'data': 'mongo'}], 'wash_temperature': [{'locale': None, 'scope': None, 'data': '600'}], 'color': [{'locale': None, 'scope': None, 'data': 'pink'}], 'collection': [{'locale': None, 'scope': None, 'data': ['spring_2015']}], 'price': [{'locale': None, 'scope': None, 'data': [{'amount': '1099.00', 'currency': 'EUR'}]}], 'name': [{'locale': None, 'scope': None, 'data': 'Blazer wool mixed with sand print foot hen'}], 'erp_name': [{'locale': 'en_US', 'scope': None, 'data': 'Ares'}], 'variation_name': [{'locale': 'en_US', 'scope': None, 'data': 'Ares pink'}], 'description': [{'locale': 'en_US', 'scope': 'ecommerce', 'data': ""Blazer wool mixed with sand print foot hen, single breasted with two buttons, patch pockets and contrasting lapel collar, model 'Vienna'. Das Model 185 cm groß ist und trägt Größe 40 (DE Größe 50 - 101cm Brustumfang) 60% wool, 30% polyester, 10% cotton. Machine washable.""}]}",2022-01-27T17:37:01+00:00,2022-01-27T17:37:01+00:00,"{'PACK': {'products': [], 'product_models': [], 'groups': []}, 'SUBSTITUTION': {'products': [], 'product_models': [], 'groups': []}, 'UPSELL': {'products': [], 'product_models': [], 'groups': []}, 'X_SELL': {'products': [], 'product_models': [], 'groups': []}}",{}
ares_yellow,clothing,clothing_color_size,ares,"['master_men_blazers_deals', 'print_clothing', 'supplier_mongo']","{'supplier': [{'locale': None, 'scope': None, 'data': 'mongo'}], 'wash_temperature': [{'locale': None, 'scope': None, 'data': '600'}], 'color': [{'locale': None, 'scope': None, 'data': 'yellow'}], 'collection': [{'locale': None, 'scope': None, 'data': ['spring_2015']}], 'price': [{'locale': None, 'scope': None, 'data': [{'amount': '1099.00', 'currency': 'EUR'}]}], 'name': [{'locale': None, 'scope': None, 'data': 'Blazer wool mixed with sand print foot hen'}], 'erp_name': [{'locale': 'en_US', 'scope': None, 'data': 'Ares'}], 'variation_name': [{'locale': 'en_US', 'scope': None, 'data': 'Ares yellow'}], 'description': [{'locale': 'en_US', 'scope': 'ecommerce', 'data': ""Blazer wool mixed with sand print foot hen, single breasted with two buttons, patch pockets and contrasting lapel collar, model 'Vienna'. Das Model 185 cm groß ist und trägt Größe 40 (DE Größe 50 - 101cm Brustumfang) 60% wool, 30% polyester, 10% cotton. Machine washable.""}]}",2022-01-27T17:37:01+00:00,2022-01-27T17:37:01+00:00,"{'PACK': {'products': [], 'product_models': [], 'groups': []}, 'SUBSTITUTION': {'products': [], 'product_models': [], 'groups': []}, 'UPSELL': {'products': [], 'product_models': [], 'groups': []}, 'X_SELL': {'products': [], 'product_models': [], 'groups': []}}",{}
artemis_blue,clothing,clothing_color_size,artemis,"['master_women_blouses', 'print_clothing', 'supplier_zaro']","{'supplier': [{'locale': None, 'scope': None, 'data': 'zaro'}], 'wash_temperature': [{'locale': None, 'scope': None, 'data': '400'}], 'color': [{'locale': None, 'scope': None, 'data': 'blue'}], 'collection': [{'locale': None, 'scope': None, 'data': ['spring_2016']}], 'price': [{'locale': None, 'scope': None, 'data': [{'amount': '499.00', 'currency': 'EUR'}]}], 'image': [{'locale': None, 'scope': None, 'data': '5/1/b/9/51b91fbc9207be1b646ec0d2afbcdbf3ae3b8420_artemis.jpg', '_links': {'download': {'href': 'http://localhost:8080/api/rest/v1/media-files/5/1/b/9/51b91fbc9207be1b646ec0d2afbcdbf3ae3b8420_artemis.jpg/download'}}}], 'variation_image': [{'locale': None, 'scope': None, 'data': '3/4/d/e/34de849b06b58ce2734500000156b45e71b3a729_artemis.jpg', '_links': {'download': {'href': 'http://localhost:8080/api/rest/v1/media-files/3/4/d/e/34de849b06b58ce2734500000156b45e71b3a729_artemis.jpg/download'}}}], 'name': [{'locale': None, 'scope': None, 'data': 'T-Shirt cotton round neck'}], 'erp_name': [{'locale': 'en_US', 'scope': None, 'data': 'Artemis'}], 'variation_name': [{'locale': 'en_US', 'scope': None, 'data': 'Artemis blue'}], 'description': [{'locale': 'en_US', 'scope': 'ecommerce', 'data': 'T-Shirt cotton round neck, three quarter sleeves and neckline in the back.'}]}",2022-01-27T17:37:01+00:00,2022-01-27T17:37:01+00:00,"{'PACK': {'products': [], 'product_models': [], 'groups': []}, 'SUBSTITUTION': {'products': [], 'product_models': [], 'groups': []}, 'UPSELL': {'products': [], 'product_models': [], 'groups': []}, 'X_SELL': {'products': [], 'product_models': [], 'groups': []}}",{}
artemis_red,clothing,clothing_color_size,artemis,"['master_women_blouses', 'print_clothing', 'supplier_zaro']","{'supplier': [{'locale': None, 'scope': None, 'data': 'zaro'}], 'wash_temperature': [{'locale': None, 'scope': None, 'data': '400'}], 'color': [{'locale': None, 'scope': None, 'data': 'red'}], 'collection': [{'locale': None, 'scope': None, 'data': ['spring_2016']}], 'price': [{'locale': None, 'scope': None, 'data': [{'amount': '499.00', 'currency': 'EUR'}]}], 'image': [{'locale': None, 'scope': None, 'data': '5/1/b/9/51b91fbc9207be1b646ec0d2afbcdbf3ae3b8420_artemis.jpg', '_links': {'download': {'href': 'http://localhost:8080/api/rest/v1/media-files/5/1/b/9/51b91fbc9207be1b646ec0d2afbcdbf3ae3b8420_artemis.jpg/download'}}}], 'name': [{'locale': None, 'scope': None, 'data': 'T-Shirt cotton round neck'}], 'erp_name': [{'locale': 'en_US', 'scope': None, 'data': 'Artemis'}], 'variation_name': [{'locale': 'en_US', 'scope': None, 'data': 'Artemis red'}], 'description': [{'locale': 'en_US', 'scope': 'ecommerce', 'data': 'T-Shirt cotton round neck, three quarter sleeves and neckline in the back.'}]}",2022-01-27T17:37:01+00:00,2022-01-27T17:37:01+00:00,"{'PACK': {'products': [], 'product_models': [], 'groups': []}, 'SUBSTITUTION': {'products': [], 'product_models': [], 'groups': []}, 'UPSELL': {'products': [], 'product_models': [], 'groups': []}, 'X_SELL': {'products': [], 'product_models': [], 'groups': []}}",{}
athena,clothing,clothing_colorsize,,"['master_women_dresses', 'supplier_mongo']","{'supplier': [{'locale': None, 'scope': None, 'data': 'mongo'}], 'wash_temperature': [{'locale': None, 'scope': None, 'data': '800'}], 'collection': [{'locale': None, 'scope': None, 'data': ['autumn_2016']}], 'price': [{'locale': None, 'scope': None, 'data': [{'amount': '699.00', 'currency': 'EUR'}]}], 'image': [{'locale': None, 'scope': None, 'data': 'e/5/3/7/e537567677effa1bf10726b9175d7c7d7eb0b092_athena.jpg', '_links': {'download': {'href': 'http://localhost:8080/api/rest/v1/media-files/e/5/3/7/e537567677effa1bf10726b9175d7c7d7eb0b092_athena.jpg/download'}}}], 'name': [{'locale': None, 'scope': None, 'data': 'athena'}], 'erp_name': [{'locale': 'en_US', 'scope': None, 'data': 'Athena'}], 'description': [{'locale': 'en_US', 'scope': 'ecommerce', 'data': 'Length: Short\nLining: 100% polyester\nModel: Model is 179 cm and wears a size 36\nCervical Shape: Deep V-neck\nTotal length: 88 cm in size 36\nAdditional Info: zip, lined\nHandle Type: Sleeveless\nComposition: 100% nylon\nCare instructions: hand wash'}]}",2022-01-27T17:36:57+00:00,2022-01-27T17:36:57+00:00,"{'PACK': {'products': [], 'product_models': [], 'groups': []}, 'SUBSTITUTION': {'products': [], 'product_models': [], 'groups': []}, 'UPSELL': {'products': [], 'product_models': [], 'groups': []}, 'X_SELL': {'products': [], 'product_models': [], 'groups': []}}",{}
bacchus_blue,clothing,clothing_color_size,bacchus,"['master_men_pants_shorts', 'supplier_zaro']","{'supplier': [{'locale': None, 'scope': None, 'data': 'zaro'}], 'wash_temperature': [{'locale': None, 'scope': None, 'data': '600'}], 'color': [{'locale': None, 'scope': None, 'data': 'blue'}], 'collection': [{'locale': None, 'scope': None, 'data': ['summer_2016']}], 'price': [{'locale': None, 'scope': None, 'data': [{'amount': '599.00', 'currency': 'EUR'}]}], 'image': [{'locale': None, 'scope': None, 'data': 'a/a/a/b/aaabc1851b57a5be1b81a433a0750be8e5a3a502_bacchus.jpg', '_links': {'download': {'href': 'http://localhost:8080/api/rest/v1/media-files/a/a/a/b/aaabc1851b57a5be1b81a433a0750be8e5a3a502_bacchus.jpg/download'}}}], 'variation_image': [{'locale': None, 'scope': None, 'data': '8/5/f/0/85f0874c86a607c85211ef7c4e8396ac07655619_bacchus.jpg', '_links': {'download': {'href': 'http://localhost:8080/api/rest/v1/media-files/8/5/f/0/85f0874c86a607c85211ef7c4e8396ac07655619_bacchus.jpg/download'}}}], 'name': [{'locale': None, 'scope': None, 'data': 'Slightly washed denim shorts'}], 'erp_name': [{'locale': 'en_US', 'scope': None, 'data': 'Bacchus'}], 'variation_name': [{'locale': 'en_US', 'scope': None, 'data': 'Bacchus blue'}], 'description': [{'locale': 'en_US', 'scope': 'ecommerce', 'data': 'Slightly washed denim shorts with worn finish on the front. The model is 185cm and is wearing a size UK 32, size 42 EN 100% cotton. Machine washable.'}]}",2022-01-27T17:37:01+00:00,2022-01-27T17:37:01+00:00,"{'PACK': {'products': [], 'product_models': [], 'groups': []}, 'SUBSTITUTION': {'products': [], 'product_models': [], 'groups': []}, 'UPSELL': {'products': [], 'product_models': [], 'groups': []}, 'X_SELL': {'products': [], 'product_models': [], 'groups': []}}",{}
bacchus_orange,clothing,clothing_color_size,bacchus,"['master_men_pants_shorts', 'supplier_zaro']","{'supplier': [{'locale': None, 'scope': None, 'data': 'zaro'}], 'wash_temperature': [{'locale': None, 'scope': None, 'data': '600'}], 'color': [{'locale': None, 'scope': None, 'data': 'orange'}], 'collection': [{'locale': None, 'scope': None, 'data': ['summer_2016']}], 'price': [{'locale': None, 'scope': None, 'data': [{'amount': '599.00', 'currency': 'EUR'}]}], 'image': [{'locale': None, 'scope': None, 'data': 'a/a/a/b/aaabc1851b57a5be1b81a433a0750be8e5a3a502_bacchus.jpg', '_links': {'download': {'href': 'http://localhost:8080/api/rest/v1/media-files/a/a/a/b/aaabc1851b57a5be1b81a433a0750be8e5a3a502_bacchus.jpg/download'}}}], 'name': [{'locale': None, 'scope': None, 'data': 'Slightly washed denim shorts'}], 'erp_name': [{'locale': 'en_US', 'scope': None, 'data': 'Bacchus'}], 'variation_name': [{'locale': 'en_US', 'scope': None, 'data': 'Bacchus orange'}], 'description': [{'locale': 'en_US', 'scope': 'ecommerce', 'data': 'Slightly washed denim shorts with worn finish on the front. The model is 185cm and is wearing a size UK 32, size 42 EN 100% cotton. Machine washable.'}]}",2022-01-27T17:37:01+00:00,2022-01-27T17:37:01+00:00,"{'PACK': {'products': [], 'product_models': [], 'groups': []}, 'SUBSTITUTION': {'products': [], 'product_models': [], 'groups': []}, 'UPSELL': {'products': [], 'product_models': [], 'groups': []}, 'X_SELL': {'products': [], 'product_models': [], 'groups': []}}",{}
bacchus_pink,clothing,clothing_color_size,bacchus,"['master_men_pants_shorts', 'supplier_zaro']","{'supplier': [{'locale': None, 'scope': None, 'data': 'zaro'}], 'wash_temperature': [{'locale': None, 'scope': None, 'data': '600'}], 'color': [{'locale': None, 'scope': None, 'data': 'pink'}], 'collection': [{'locale': None, 'scope': None, 'data': ['summer_2016']}], 'price': [{'locale': None, 'scope': None, 'data': [{'amount': '599.00', 'currency': 'EUR'}]}], 'image': [{'locale': None, 'scope': None, 'data': 'a/a/a/b/aaabc1851b57a5be1b81a433a0750be8e5a3a502_bacchus.jpg', '_links': {'download': {'href': 'http://localhost:8080/api/rest/v1/media-files/a/a/a/b/aaabc1851b57a5be1b81a433a0750be8e5a3a502_bacchus.jpg/download'}}}], 'name': [{'locale': None, 'scope': None, 'data': 'Slightly washed denim shorts'}], 'erp_name': [{'locale': 'en_US', 'scope': None, 'data': 'Bacchus'}], 'variation_name': [{'locale': 'en_US', 'scope': None, 'data': 'Bacchus pink'}], 'description': [{'locale': 'en_US', 'scope': 'ecommerce', 'data': 'Slightly washed denim shorts with worn finish on the front. The model is 185cm and is wearing a size UK 32, size 42 EN 100% cotton. Machine washable.'}]}",2022-01-27T17:37:01+00:00,2022-01-27T17:37:01+00:00,"{'PACK': {'products': [], 'product_models': [], 'groups': []}, 'SUBSTITUTION': {'products': [], 'product_models': [], 'groups': []}, 'UPSELL': {'products': [], 'product_models': [], 'groups': []}, 'X_SELL': {'products': [], 'product_models': [], 'groups': []}}",{}
bacchus_yellow,clothing,clothing_color_size,bacchus,"['master_men_pants_shorts', 'supplier_zaro']","{'supplier': [{'locale': None, 'scope': None, 'data': 'zaro'}], 'wash_temperature': [{'locale': None, 'scope': None, 'data': '600'}], 'color': [{'locale': None, 'scope': None, 'data': 'yellow'}], 'collection': [{'locale': None, 'scope': None, 'data': ['summer_2016']}], 'price': [{'locale': None, 'scope': None, 'data': [{'amount': '599.00', 'currency': 'EUR'}]}], 'image': [{'locale': None, 'scope': None, 'data': 'a/a/a/b/aaabc1851b57a5be1b81a433a0750be8e5a3a502_bacchus.jpg', '_links': {'download': {'href': 'http://localhost:8080/api/rest/v1/media-files/a/a/a/b/aaabc1851b57a5be1b81a433a0750be8e5a3a502_bacchus.jpg/download'}}}], 'name': [{'locale': None, 'scope': None, 'data': 'Slightly washed denim shorts'}], 'erp_name': [{'locale': 'en_US', 'scope': None, 'data': 'Bacchus'}], 'variation_name': [{'locale': 'en_US', 'scope': None, 'data': 'Bacchus yellow'}], 'description': [{'locale': 'en_US', 'scope': 'ecommerce', 'data': 'Slightly washed denim shorts with worn finish on the front. The model is 185cm and is wearing a size UK 32, size 42 EN 100% cotton. Machine washable.'}]}",2022-01-27T17:37:01+00:00,2022-01-27T17:37:01+00:00,"{'PACK': {'products': [], 'product_models': [], 'groups': []}, 'SUBSTITUTION': {'products': [], 'product_models': [], 'groups': []}, 'UPSELL': {'products': [], 'product_models': [], 'groups': []}, 'X_SELL': {'products': [], 'product_models': [], 'groups': []}}",{}
caelus_blue,clothing,clothing_color_size,caelus,"['master_men_blazers_deals', 'supplier_mongo']","{'supplier': [{'locale': None, 'scope': None, 'data': 'mongo'}], 'wash_temperature': [{'locale': None, 'scope': None, 'data': '600'}], 'color': [{'locale': None, 'scope': None, 'data': 'blue'}], 'collection': [{'locale': None, 'scope': None, 'data': ['summer_2016']}], 'price': [{'locale': None, 'scope': None, 'data': [{'amount': '999.00', 'currency': 'EUR'}]}], 'name': [{'locale': None, 'scope': None, 'data': 'Tuxedo with animal print'}], 'erp_name': [{'locale': 'en_US', 'scope': None, 'data': 'Caelus'}], 'variation_name': [{'locale': 'en_US', 'scope': None, 'data': 'Caelus blue'}], 'description': [{'locale': 'en_US', 'scope': 'ecommerce', 'data': 'Get ready to party in this tuxedo with animal print grabbing composed of a single-breasted jacket with 2 buttons and matching pants. Our skinny suits offer a perfect contemporary snowstorm.\nThe model is 1.85 meters (6 feet 1 inch), wears a size 40 jacket and pants 32R.\nDry clean only.'}]}",2022-01-27T17:37:01+00:00,2022-01-27T17:37:01+00:00,"{'PACK': {'products': [], 'product_models': [], 'groups': []}, 'SUBSTITUTION': {'products': [], 'product_models': [], 'groups': []}, 'UPSELL': {'products': [], 'product_models': [], 'groups': []}, 'X_SELL': {'products': [], 'product_models': [], 'groups': []}}",{}
caelus_red,clothing,clothing_color_size,caelus,"['master_men_blazers_deals', 'supplier_mongo']","{'supplier': [{'locale': None, 'scope': None, 'data': 'mongo'}], 'wash_temperature': [{'locale': None, 'scope': None, 'data': '600'}], 'color': [{'locale': None, 'scope': None, 'data': 'red'}], 'collection': [{'locale': None, 'scope': None, 'data': ['summer_2016']}], 'price': [{'locale': None, 'scope': None, 'data': [{'amount': '999.00', 'currency': 'EUR'}]}], 'name': [{'locale': None, 'scope': None, 'data': 'Tuxedo with animal print'}], 'erp_name': [{'locale': 'en_US', 'scope': None, 'data': 'Caelus'}], 'variation_name': [{'locale': 'en_US', 'scope': None, 'data': 'Caelus red'}], 'description': [{'locale': 'en_US', 'scope': 'ecommerce', 'data': 'Get ready to party in this tuxedo with animal print grabbing composed of a single-breasted jacket with 2 buttons and matching pants. Our skinny suits offer a perfect contemporary snowstorm.\nThe model is 1.85 meters (6 feet 1 inch), wears a size 40 jacket and pants 32R.\nDry clean only.'}]}",2022-01-27T17:37:01+00:00,2022-01-27T17:37:01+00:00,"{'PACK': {'products': [], 'product_models': [], 'groups': []}, 'SUBSTITUTION': {'products': [], 'product_models': [], 'groups': []}, 'UPSELL': {'products': [], 'product_models': [], 'groups': []}, 'X_SELL': {'products': [], 'product_models': [], 'groups': []}}",{}
diana_pink,clothing,clothing_color_size,diana,"['master_women_dresses', 'print_clothing', 'supplier_zaro']","{'supplier': [{'locale': None, 'scope': None, 'data': 'zaro'}], 'wash_temperature': [{'locale': None, 'scope': None, 'data': '400'}], 'color': [{'locale': None, 'scope': None, 'data': 'pink'}], 'collection': [{'locale': None, 'scope': None, 'data': ['winter_2016']}], 'price': [{'locale': None, 'scope': None, 'data': [{'amount': '149.00', 'currency': 'EUR'}]}], 'image': [{'locale': None, 'scope': None, 'data': 'd/2/5/8/d258264ab8c306c364c7af373758910942520e20_diana2.jpg', '_links': {'download': {'href': 'http://localhost:8080/api/rest/v1/media-files/d/2/5/8/d258264ab8c306c364c7af373758910942520e20_diana2.jpg/download'}}}], 'variation_image': [{'locale': None, 'scope': None, 'data': '0/d/8/5/0d85354f579d88c7e9cf65607fcf8bca4d657d87_diana2.jpg', '_links': {'download': {'href': 'http://localhost:8080/api/rest/v1/media-files/0/d/8/5/0d85354f579d88c7e9cf65607fcf8bca4d657d87_diana2.jpg/download'}}}], 'name': [{'locale': None, 'scope': None, 'data': 'diana'}], 'erp_name': [{'locale': 'en_US', 'scope': None, 'data': 'Diana'}], 'variation_name': [{'locale': 'en_US', 'scope': None, 'data': 'Diana pink'}], 'description': [{'locale': 'en_US', 'scope': 'ecommerce', 'data': 'Length: Short\nLining: 100% polyester\nModel: Model is 179 cm and wears a size 36\nCervical Shape: Deep V-neck\nTotal length: 88 cm in size 36\nAdditional Info: zip, lined\nHandle Type: Sleeveless\nComposition: 100% nylon\nCare instructions: hand wash'}]}",2022-01-27T17:37:01+00:00,2022-01-27T17:37:01+00:00,"{'PACK': {'products': [], 'product_models': [], 'groups': []}, 'SUBSTITUTION': {'products': [], 'product_models': [], 'groups': []}, 'UPSELL': {'products': [], 'product_models': [], 'groups': []}, 'X_SELL': {'products': [], 'product_models': [], 'groups': []}}",{}
diana_red,clothing,clothing_color_size,diana,"['master_women_dresses', 'print_clothing', 'supplier_zaro']","{'supplier': [{'locale': None, 'scope': None, 'data': 'zaro'}], 'wash_temperature': [{'locale': None, 'scope': None, 'data': '400'}], 'color': [{'locale': None, 'scope': None, 'data': 'red'}], 'collection': [{'locale': None, 'scope': None, 'data': ['winter_2016']}], 'price': [{'locale': None, 'scope': None, 'data': [{'amount': '149.00', 'currency': 'EUR'}]}], 'image': [{'locale': None, 'scope': None, 'data': 'd/2/5/8/d258264ab8c306c364c7af373758910942520e20_diana2.jpg', '_links': {'download': {'href': 'http://localhost:8080/api/rest/v1/media-files/d/2/5/8/d258264ab8c306c364c7af373758910942520e20_diana2.jpg/download'}}}], 'name': [{'locale': None, 'scope': None, 'data': 'diana'}], 'erp_name': [{'locale': 'en_US', 'scope': None, 'data': 'Diana'}], 'variation_name': [{'locale': 'en_US', 'scope': None, 'data': 'Diana red'}], 'description': [{'locale': 'en_US', 'scope': 'ecommerce', 'data': 'Length: Short\nLining: 100% polyester\nModel: Model is 179 cm and wears a size 36\nCervical Shape: Deep V-neck\nTotal length: 88 cm in size 36\nAdditional Info: zip, lined\nHandle Type: Sleeveless\nComposition: 100% nylon\nCare instructions: hand wash'}]}",2022-01-27T17:37:01+00:00,2022-01-27T17:37:01+00:00,"{'PACK': {'products': [], 'product_models': [], 'groups': []}, 'SUBSTITUTION': {'products': [], 'product_models': [], 'groups': []}, 'UPSELL': {'products': [], 'product_models': [], 'groups': []}, 'X_SELL': {'products': [], 'product_models': [], 'groups': []}}",{}
hades_blue,clothing,clothing_color_size,hades,"['master_men_pants_jeans', 'print_clothing', 'supplier_zaro']","{'supplier': [{'locale': None, 'scope': None, 'data': 'zaro'}], 'wash_temperature': [{'locale': None, 'scope': None, 'data': '600'}], 'color': [{'locale': None, 'scope': None, 'data': 'blue'}], 'collection': [{'locale': None, 'scope': None, 'data': ['autumn_2016']}], 'price': [{'locale': None, 'scope': None, 'data': [{'amount': '699.00', 'currency': 'EUR'}]}], 'name': [{'locale': None, 'scope': None, 'data': 'Elegant slim long sleeve shirt'}], 'erp_name': [{'locale': 'en_US', 'scope': None, 'data': 'Hades'}], 'variation_name': [{'locale': 'en_US', 'scope': None, 'data': 'Hades blue'}], 'description': [{'locale': 'en_US', 'scope': 'ecommerce', 'data': 'Elegant slim long sleeve shirt white with button-down collar and breast pocket. 65% polyester, 35% cotton. Machine washable.'}]}",2022-01-27T17:37:01+00:00,2022-01-27T17:37:01+00:00,"{'PACK': {'products': [], 'product_models': [], 'groups': []}, 'SUBSTITUTION': {'products': [], 'product_models': [], 'groups': []}, 'UPSELL': {'products': [], 'product_models': [], 'groups': []}, 'X_SELL': {'products': [], 'product_models': [], 'groups': []}}",{}
hades_red,clothing,clothing_color_size,hades,"['master_men_pants_jeans', 'print_clothing', 'supplier_zaro']","{'supplier': [{'locale': None, 'scope': None, 'data': 'zaro'}], 'wash_temperature': [{'locale': None, 'scope': None, 'data': '600'}], 'color': [{'locale': None, 'scope': None, 'data': 'red'}], 'collection': [{'locale': None, 'scope': None, 'data': ['autumn_2016']}], 'price': [{'locale': None, 'scope': None, 'data': [{'amount': '699.00', 'currency': 'EUR'}]}], 'name': [{'locale': None, 'scope': None, 'data': 'Elegant slim long sleeve shirt'}], 'erp_name': [{'locale': 'en_US', 'scope': None, 'data': 'Hades'}], 'variation_name': [{'locale': 'en_US', 'scope': None, 'data': 'Hades red'}], 'description': [{'locale': 'en_US', 'scope': 'ecommerce', 'data': 'Elegant slim long sleeve shirt white with button-down collar and breast pocket. 65% polyester, 35% cotton. Machine washable.'}]}",2022-01-27T17:37:01+00:00,2022-01-27T17:37:01+00:00,"{'PACK': {'products': [], 'product_models': [], 'groups': []}, 'SUBSTITUTION': {'products': [], 'product_models': [], 'groups': []}, 'UPSELL': {'products': [], 'product_models': [], 'groups': []}, 'X_SELL': {'products': [], 'product_models': [], 'groups': []}}",{}
aurora,clothing,clothing_colorsize,,"['master_women_blouses', 'print_clothing', 'supplier_mongo']","{'supplier': [{'locale': None, 'scope': None, 'data': 'mongo'}], 'wash_temperature': [{'locale': None, 'scope': None, 'data': '700'}], 'collection': [{'locale': None, 'scope': None, 'data': ['summer_2017']}], 'price': [{'locale': None, 'scope': None, 'data': [{'amount': '599.00', 'currency': 'EUR'}]}], 'name': [{'locale': None, 'scope': None, 'data': 'aurora'}], 'erp_name': [{'locale': 'en_US', 'scope': None, 'data': 'Aurora'}], 'description': [{'locale': 'en_US', 'scope': 'ecommerce', 'data': 'Length: Long\nFit: Relaxed\nModel: Model is 175 cm tall and wears a size 36\nTotal length: 71 cm in size 36\nCollar: Shawl Collar\nSleeve length: 37 cm in size 36\nHandle Type: three quarter sleeve\nComposition: 100% polyester\nCare instructions: do not tumble dry, Machine wash at 30 ° C, shrink possibility limited to 5%, delicates wash'}]}",2022-01-27T17:36:57+00:00,2022-01-27T17:36:57+00:00,"{'PACK': {'products': [], 'product_models': [], 'groups': []}, 'SUBSTITUTION': {'products': [], 'product_models': [], 'groups': []}, 'UPSELL': {'products': [], 'product_models': [], 'groups': []}, 'X_SELL': {'products': [], 'product_models': [], 'groups': []}}",{}
jack_brown,clothing,clothing_color_size,jack,['tshirts'],"{'color': [{'locale': None, 'scope': None, 'data': 'brown'}], 'collection': [{'locale': None, 'scope': None, 'data': ['summer_2017']}], 'variation_image': [{'locale': None, 'scope': None, 'data': 'e/2/e/e/e2eebd01180b497ab332cec4eadc9a6b9012766f_t_shirt_marron.png', '_links': {'download': {'href': 'http://localhost:8080/api/rest/v1/media-files/e/2/e/e/e2eebd01180b497ab332cec4eadc9a6b9012766f_t_shirt_marron.png/download'}}}], 'name': [{'locale': None, 'scope': None, 'data': 'jack'}], 'erp_name': [{'locale': 'en_US', 'scope': None, 'data': 'Jack'}], 'variation_name': [{'locale': 'en_US', 'scope': None, 'data': 'Jack brown'}]}",2022-01-27T17:37:01+00:00,2022-01-27T17:37:01+00:00,"{'PACK': {'products': [], 'product_models': [], 'groups': []}, 'SUBSTITUTION': {'products': [], 'product_models': [], 'groups': []}, 'UPSELL': {'products': [], 'product_models': [], 'groups': []}, 'X_SELL': {'products': [], 'product_models': [], 'groups': []}}",{}
jack_green,clothing,clothing_color_size,jack,['tshirts'],"{'color': [{'locale': None, 'scope': None, 'data': 'green'}], 'collection': [{'locale': None, 'scope': None, 'data': ['summer_2017']}], 'variation_image': [{'locale': None, 'scope': None, 'data': '8/b/b/9/8bb97c9cff0cc81a1b912dab693270c451403ab1_t_shirt_green.jpg', '_links': {'download': {'href': 'http://localhost:8080/api/rest/v1/media-files/8/b/b/9/8bb97c9cff0cc81a1b912dab693270c451403ab1_t_shirt_green.jpg/download'}}}], 'name': [{'locale': None, 'scope': None, 'data': 'jack'}], 'erp_name': [{'locale': 'en_US', 'scope': None, 'data': 'Jack'}], 'variation_name': [{'locale': 'en_US', 'scope': None, 'data': 'Jack green'}]}",2022-01-27T17:37:01+00:00,2022-01-27T17:37:01+00:00,"{'PACK': {'products': [], 'product_models': [], 'groups': []}, 'SUBSTITUTION': {'products': [], 'product_models': [], 'groups': []}, 'UPSELL': {'products': [], 'product_models': [], 'groups': []}, 'X_SELL': {'products': [], 'product_models': [], 'groups': []}}",{}
plain_red,clothing,clothing_color_size,plain,['tshirts'],"{'color': [{'locale': None, 'scope': None, 'data': 'red'}], 'collection': [{'locale': None, 'scope': None, 'data': ['summer_2017']}], 'variation_image': [{'locale': None, 'scope': None, 'data': 'b/9/c/f/b9cfb0ee6cf5e0e9d6fbfc94ec4e3a87bb3626c0_plain_red.jpg', '_links': {'download': {'href': 'http://localhost:8080/api/rest/v1/media-files/b/9/c/f/b9cfb0ee6cf5e0e9d6fbfc94ec4e3a87bb3626c0_plain_red.jpg/download'}}}], 'name': [{'locale': None, 'scope': None, 'data': 'plain'}], 'erp_name': [{'locale': 'en_US', 'scope': None, 'data': 'Plain'}], 'variation_name': [{'locale': 'en_US', 'scope': None, 'data': 'Plain red '}]}",2022-01-27T17:37:01+00:00,2022-01-27T17:37:01+00:00,"{'PACK': {'products': [], 'product_models': [], 'groups': []}, 'SUBSTITUTION': {'products': [], 'product_models': [], 'groups': []}, 'UPSELL': {'products': [], 'product_models': [], 'groups': []}, 'X_SELL': {'products': [], 'product_models': [], 'groups': []}}",{}
plain_white,clothing,clothing_color_size,plain,['tshirts'],"{'color': [{'locale': None, 'scope': None, 'data': 'white'}], 'collection': [{'locale': None, 'scope': None, 'data': ['summer_2017']}], 'name': [{'locale': None, 'scope': None, 'data': 'plain'}], 'erp_name': [{'locale': 'en_US', 'scope': None, 'data': 'Plain'}], 'variation_name': [{'locale': 'en_US', 'scope': None, 'data': 'Plain white'}]}",2022-01-27T17:37:01+00:00,2022-01-27T17:37:01+00:00,"{'PACK': {'products': [], 'product_models': [], 'groups': []}, 'SUBSTITUTION': {'products': [], 'product_models': [], 'groups': []}, 'UPSELL': {'products': [], 'product_models': [], 'groups': []}, 'X_SELL': {'products': [], 'product_models': [], 'groups': []}}",{}
model-biker-jacket-leather,clothing,clothing_material_size,model-biker-jacket,['master_men_blazers'],"{'color': [{'locale': None, 'scope': None, 'data': 'white'}], 'material': [{'locale': None, 'scope': None, 'data': 'leather'}], 'collection': [{'locale': None, 'scope': None, 'data': ['summer_2017']}], 'name': [{'locale': None, 'scope': None, 'data': 'Biker jacket'}], 'variation_name': [{'locale': 'en_US', 'scope': None, 'data': 'Biker jacket leather'}], 'description': [{'locale': 'en_US', 'scope': 'ecommerce', 'data': 'Biker jacket'}]}",2022-01-27T17:37:01+00:00,2022-01-27T17:37:01+00:00,"{'PACK': {'products': [], 'product_models': [], 'groups': []}, 'SUBSTITUTION': {'products': [], 'product_models': [], 'groups': []}, 'UPSELL': {'products': [], 'product_models': [], 'groups': []}, 'X_SELL': {'products': [], 'product_models': [], 'groups': []}}",{}
model-biker-jacket-polyester,clothing,clothing_material_size,model-biker-jacket,['master_men_blazers'],"{'color': [{'locale': None, 'scope': None, 'data': 'white'}], 'material': [{'locale': None, 'scope': None, 'data': 'polyester'}], 'collection': [{'locale': None, 'scope': None, 'data': ['summer_2017']}], 'name': [{'locale': None, 'scope': None, 'data': 'Biker jacket'}], 'variation_name': [{'locale': 'en_US', 'scope': None, 'data': 'Biker jacket polyester'}], 'description': [{'locale': 'en_US', 'scope': 'ecommerce', 'data': 'Biker jacket'}]}",2022-01-27T17:37:01+00:00,2022-01-27T17:37:01+00:00,"{'PACK': {'products': [], 'product_models': [], 'groups': []}, 'SUBSTITUTION': {'products': [], 'product_models': [], 'groups': []}, 'UPSELL': {'products': [], 'product_models': [], 'groups': []}, 'X_SELL': {'products': [], 'product_models': [], 'groups': []}}",{}
model-running-shoes-l,shoes,shoes_size_color,model-running-shoes,['master_men_shoes'],"{'material': [{'locale': None, 'scope': None, 'data': 'leather'}], 'size': [{'locale': None, 'scope': None, 'data': 'l'}], 'collection': [{'locale': None, 'scope': None, 'data': ['summer_2017']}], 'name': [{'locale': None, 'scope': None, 'data': 'Running shoes'}], 'variation_name': [{'locale': 'en_US', 'scope': None, 'data': 'Running shoes L'}], 'description': [{'locale': 'en_US', 'scope': 'ecommerce', 'data': 'Running shoes'}]}",2022-01-27T17:37:01+00:00,2022-01-27T17:37:01+00:00,"{'PACK': {'products': [], 'product_models': [], 'groups': []}, 'SUBSTITUTION': {'products': [], 'product_models': [], 'groups': []}, 'UPSELL': {'products': [], 'product_models': [], 'groups': []}, 'X_SELL': {'products': [], 'product_models': [], 'groups': []}}",{}
model-running-shoes-m,shoes,shoes_size_color,model-running-shoes,['master_men_shoes'],"{'material': [{'locale': None, 'scope': None, 'data': 'leather'}], 'size': [{'locale': None, 'scope': None, 'data': 'm'}], 'collection': [{'locale': None, 'scope': None, 'data': ['summer_2017']}], 'name': [{'locale': None, 'scope': None, 'data': 'Running shoes'}], 'variation_name': [{'locale': 'en_US', 'scope': None, 'data': 'Running shoes M'}], 'description': [{'locale': 'en_US', 'scope': 'ecommerce', 'data': 'Running shoes'}]}",2022-01-27T17:37:01+00:00,2022-01-27T17:37:01+00:00,"{'PACK': {'products': [], 'product_models': [], 'groups': []}, 'SUBSTITUTION': {'products': [], 'product_models': [], 'groups': []}, 'UPSELL': {'products': [], 'product_models': [], 'groups': []}, 'X_SELL': {'products': [], 'product_models': [], 'groups': []}}",{}
model-running-shoes-s,shoes,shoes_size_color,model-running-shoes,['master_men_shoes'],"{'material': [{'locale': None, 'scope': None, 'data': 'leather'}], 'size': [{'locale': None, 'scope': None, 'data': 's'}], 'collection': [{'locale': None, 'scope': None, 'data': ['summer_2017']}], 'name': [{'locale': None, 'scope': None, 'data': 'Running shoes'}], 'variation_name': [{'locale': 'en_US', 'scope': None, 'data': 'Running shoes S'}], 'description': [{'locale': 'en_US', 'scope': 'ecommerce', 'data': 'Running shoes'}]}",2022-01-27T17:37:01+00:00,2022-01-27T17:37:01+00:00,"{'PACK': {'products': [], 'product_models': [], 'groups': []}, 'SUBSTITUTION': {'products': [], 'product_models': [], 'groups': []}, 'UPSELL': {'products': [], 'product_models': [], 'groups': []}, 'X_SELL': {'products': [], 'product_models': [], 'groups': []}}",{}
model-tshirt-divided-blue,clothing,clothing_color_size,model-tshirt-divided,['tshirts'],"{'supplier': [{'locale': None, 'scope': None, 'data': 'zaro'}], 'wash_temperature': [{'locale': None, 'scope': None, 'data': '400'}], 'color': [{'locale': None, 'scope': None, 'data': 'blue'}], 'material': [{'locale': None, 'scope': None, 'data': 'polyester'}], 'brand': [{'locale': None, 'scope': None, 'data': 'akeneo'}], 'collection': [{'locale': None, 'scope': None, 'data': ['summer_2017']}], 'price': [{'locale': None, 'scope': None, 'data': [{'amount': '19.00', 'currency': 'EUR'}, {'amount': '19.00', 'currency': 'USD'}]}], 'image': [{'locale': None, 'scope': None, 'data': '5/1/c/6/51c653120f7b3045b7e19f8a64c92c78fcbfb662_red.png', '_links': {'download': {'href': 'http://localhost:8080/api/rest/v1/media-files/5/1/c/6/51c653120f7b3045b7e19f8a64c92c78fcbfb662_red.png/download'}}}], 'variation_image': [{'locale': None, 'scope': None, 'data': '3/0/7/8/3078140eed05b112ca4561ecef1042844d6a3bdd_blue.png', '_links': {'download': {'href': 'http://localhost:8080/api/rest/v1/media-files/3/0/7/8/3078140eed05b112ca4561ecef1042844d6a3bdd_blue.png/download'}}}], 'name': [{'locale': None, 'scope': None, 'data': 'Cotton t-shirt with a round neck Divided'}], 'erp_name': [{'locale': 'en_US', 'scope': None, 'data': 'T-shirt DIVIDED'}], 'variation_name': [{'locale': 'en_US', 'scope': None, 'data': 'Cotton t-shirt with a round neck Divided blue'}, {'locale': 'fr_FR', 'scope': None, 'data': 'T-shirt en coton avec un col rond Divided bleu'}], 'meta_title': [{'locale': 'en_US', 'scope': None, 'data': 'Cotton t-shirt with a round neck Divided'}], 'description': [{'locale': 'en_US', 'scope': 'ecommerce', 'data': 'Divided slim T-shirt with a round neck'}], 'care_instructions': [{'locale': None, 'scope': None, 'data': 'Machine wash 40°'}], 'composition': [{'locale': None, 'scope': None, 'data': '57% cotton, 43% polyester'}]}",2022-01-27T17:37:01+00:00,2022-01-27T17:37:01+00:00,"{'PACK': {'products': [], 'product_models': [], 'groups': []}, 'SUBSTITUTION': {'products': [], 'product_models': [], 'groups': []}, 'UPSELL': {'products': [], 'product_models': [], 'groups': []}, 'X_SELL': {'products': [], 'product_models': [], 'groups': []}}",{}
bacchus,clothing,clothing_color_size,,"['master_men_pants_shorts', 'supplier_zaro']","{'supplier': [{'locale': None, 'scope': None, 'data': 'zaro'}], 'wash_temperature': [{'locale': None, 'scope': None, 'data': '600'}], 'collection': [{'locale': None, 'scope': None, 'data': ['summer_2016']}], 'price': [{'locale': None, 'scope': None, 'data': [{'amount': '599.00', 'currency': 'EUR'}]}], 'image': [{'locale': None, 'scope': None, 'data': 'a/a/a/b/aaabc1851b57a5be1b81a433a0750be8e5a3a502_bacchus.jpg', '_links': {'download': {'href': 'http://localhost:8080/api/rest/v1/media-files/a/a/a/b/aaabc1851b57a5be1b81a433a0750be8e5a3a502_bacchus.jpg/download'}}}], 'name': [{'locale': None, 'scope': None, 'data': 'Slightly washed denim shorts'}], 'erp_name': [{'locale': 'en_US', 'scope': None, 'data': 'Bacchus'}], 'description': [{'locale': 'en_US', 'scope': 'ecommerce', 'data': 'Slightly washed denim shorts with worn finish on the front. The model is 185cm and is wearing a size UK 32, size 42 EN 100% cotton. Machine washable.'}]}",2022-01-27T17:36:57+00:00,2022-01-27T17:36:57+00:00,"{'PACK': {'products': [], 'product_models': [], 'groups': []}, 'SUBSTITUTION': {'products': [], 'product_models': [], 'groups': []}, 'UPSELL': {'products': [], 'product_models': [], 'groups': []}, 'X_SELL': {'products': [], 'product_models': [], 'groups': []}}",{}
model-tshirt-divided-grey,clothing,clothing_color_size,model-tshirt-divided,['tshirts'],"{'supplier': [{'locale': None, 'scope': None, 'data': 'zaro'}], 'wash_temperature': [{'locale': None, 'scope': None, 'data': '400'}], 'color': [{'locale': None, 'scope': None, 'data': 'grey'}], 'material': [{'locale': None, 'scope': None, 'data': 'cotton'}], 'brand': [{'locale': None, 'scope': None, 'data': 'akeneo'}], 'collection': [{'locale': None, 'scope': None, 'data': ['summer_2017']}], 'price': [{'locale': None, 'scope': None, 'data': [{'amount': '19.00', 'currency': 'EUR'}, {'amount': '19.00', 'currency': 'USD'}]}], 'image': [{'locale': None, 'scope': None, 'data': '5/1/c/6/51c653120f7b3045b7e19f8a64c92c78fcbfb662_red.png', '_links': {'download': {'href': 'http://localhost:8080/api/rest/v1/media-files/5/1/c/6/51c653120f7b3045b7e19f8a64c92c78fcbfb662_red.png/download'}}}], 'variation_image': [{'locale': None, 'scope': None, 'data': '2/2/2/3/222339326f97dc8372d07479ad22d4c5efa69436_grey.png', '_links': {'download': {'href': 'http://localhost:8080/api/rest/v1/media-files/2/2/2/3/222339326f97dc8372d07479ad22d4c5efa69436_grey.png/download'}}}], 'name': [{'locale': None, 'scope': None, 'data': 'Cotton t-shirt with a round neck Divided'}], 'erp_name': [{'locale': 'en_US', 'scope': None, 'data': 'T-shirt DIVIDED'}], 'variation_name': [{'locale': 'en_US', 'scope': None, 'data': 'Cotton t-shirt with a round neck Divided grey'}, {'locale': 'fr_FR', 'scope': None, 'data': 'T-shirt en coton avec un col rond Divided gris'}], 'meta_title': [{'locale': 'en_US', 'scope': None, 'data': 'Cotton t-shirt with a round neck Divided'}], 'description': [{'locale': 'en_US', 'scope': 'ecommerce', 'data': 'Divided slim T-shirt with a round neck'}], 'care_instructions': [{'locale': None, 'scope': None, 'data': 'Machine wash 40°'}], 'composition': [{'locale': None, 'scope': None, 'data': '100% cotton'}]}",2022-01-27T17:37:01+00:00,2022-01-27T17:37:01+00:00,"{'PACK': {'products': [], 'product_models': [], 'groups': []}, 'SUBSTITUTION': {'products': [], 'product_models': [], 'groups': []}, 'UPSELL': {'products': [], 'product_models': [], 'groups': []}, 'X_SELL': {'products': [], 'product_models': [], 'groups': []}}",{}
model-tshirt-divided-red,clothing,clothing_color_size,model-tshirt-divided,['tshirts'],"{'supplier': [{'locale': None, 'scope': None, 'data': 'zaro'}], 'wash_temperature': [{'locale': None, 'scope': None, 'data': '400'}], 'color': [{'locale': None, 'scope': None, 'data': 'red'}], 'material': [{'locale': None, 'scope': None, 'data': 'cotton'}], 'brand': [{'locale': None, 'scope': None, 'data': 'akeneo'}], 'collection': [{'locale': None, 'scope': None, 'data': ['summer_2017']}], 'price': [{'locale': None, 'scope': None, 'data': [{'amount': '19.00', 'currency': 'EUR'}, {'amount': '19.00', 'currency': 'USD'}]}], 'image': [{'locale': None, 'scope': None, 'data': '5/1/c/6/51c653120f7b3045b7e19f8a64c92c78fcbfb662_red.png', '_links': {'download': {'href': 'http://localhost:8080/api/rest/v1/media-files/5/1/c/6/51c653120f7b3045b7e19f8a64c92c78fcbfb662_red.png/download'}}}], 'variation_image': [{'locale': None, 'scope': None, 'data': 'a/7/0/6/a7066887ff86c7d5320aa6443e66a9f855a42b20_red.png', '_links': {'download': {'href': 'http://localhost:8080/api/rest/v1/media-files/a/7/0/6/a7066887ff86c7d5320aa6443e66a9f855a42b20_red.png/download'}}}], 'name': [{'locale': None, 'scope': None, 'data': 'Cotton t-shirt with a round neck Divided'}], 'erp_name': [{'locale': 'en_US', 'scope': None, 'data': 'T-shirt DIVIDED'}], 'variation_name': [{'locale': 'en_US', 'scope': None, 'data': 'Cotton t-shirt with a round neck Divided red'}, {'locale': 'fr_FR', 'scope': None, 'data': 'T-shirt en coton avec un col rond Divided rouge'}], 'meta_title': [{'locale': 'en_US', 'scope': None, 'data': 'Cotton t-shirt with a round neck Divided'}], 'description': [{'locale': 'en_US', 'scope': 'ecommerce', 'data': 'Divided slim T-shirt with a round neck'}], 'care_instructions': [{'locale': None, 'scope': None, 'data': 'Machine wash 40°'}], 'composition': [{'locale': None, 'scope': None, 'data': '100% cotton'}]}",2022-01-27T17:37:01+00:00,2022-01-27T17:37:01+00:00,"{'PACK': {'products': [], 'product_models': [], 'groups': []}, 'SUBSTITUTION': {'products': [], 'product_models': [], 'groups': []}, 'UPSELL': {'products': [], 'product_models': [], 'groups': []}, 'X_SELL': {'products': [], 'product_models': [], 'groups': []}}",{}
brogueshoe,shoes,shoes_size,,"['master_men_shoes', 'supplier_abibas']","{'supplier': [{'locale': None, 'scope': None, 'data': 'abibas'}], 'collection': [{'locale': None, 'scope': None, 'data': ['summer_2016']}], 'price': [{'locale': None, 'scope': None, 'data': [{'amount': '267.00', 'currency': 'EUR'}]}], 'name': [{'locale': None, 'scope': None, 'data': 'brogueshoe'}], 'erp_name': [{'locale': 'en_US', 'scope': None, 'data': 'Brogue shoe'}]}",2022-01-27T17:36:57+00:00,2022-01-27T17:36:57+00:00,"{'PACK': {'products': [], 'product_models': [], 'groups': []}, 'SUBSTITUTION': {'products': [], 'product_models': [], 'groups': []}, 'UPSELL': {'products': [], 'product_models': [], 'groups': []}, 'X_SELL': {'products': [], 'product_models': [], 'groups': []}}",{}
